Gov. Northam to address Virginia as COVID-19 trends decline,"Governor Ralph Northam is set to address the commonwealth on Tuesday for his latest briefing amid both the COVID-19 pandemic and continuing civil unrest over the murders of George Floyd, Breonna Taylor, Ahmaud Arbery and other black Americans.",2020-06-16T17:48:20Z
Ashtead Group plc (ASHTF) CEO Brendan Horgan on Q4 2020 Results - Earnings Call Transcript,"Ashtead Group plc (OTCPK:ASHTF) Q4 2020 Earnings Conference Call June 16, 2020 6:00 A.M. ET Company Participants Brendan Horgan - Chief Executive Officer Michae",2020-06-16T17:45:44Z
PolyOne Corporation (POL) CEO Bob Patterson on Second Quarter Performance Update (Transcript),"PolyOne Corporation (NYSE:POL) PolyOne to Provide Second Quarter Performance Update Conference Call June 16, 2020 08:00 AM ET Company Participants Joe Di Salvo",2020-06-16T17:38:07Z
PolyOne Corporation (POL) CEO Bob Patterson on Second Quarter Performance Update (Transcript),"PolyOne Corporation (NYSE:POL) PolyOne to Provide Second Quarter Performance Update Conference Call June 16, 2020 08:00 AM ET Company Participants Joe Di Salvo",2020-06-16T17:38:07Z
"Why Carnival Corporation, Norwegian Cruise, and Royal Caribbean Stocks All Popped Today",$1 trillion goes a long way to stoke optimism in a troubled sector.,2020-06-16T16:36:00Z
Washington D.C.’s 25 Most Powerful People Real Estate Players in 2019,Painting the words “Black Lives Matter” on 16th Street in front of Lafayette Square could be described as the ultimate power move. Mayor Muriel Bowser has power. And she wields it. We’ve said before that the word “power” means something different in Washingto…,2020-06-16T13:00:51Z
BigSpring Awarded as Technology Pioneer by World Economic Forum,"SINGAPORE & NEW YORK--(BUSINESS WIRE)--BigSpring, a mobile learning platform that offers lifelong skilling with measurable ROI, today was named a 2020 World Economic Forum Tech Pioneer.",2020-06-16T07:51:47Z
BigSpring Awarded as Technology Pioneer by World Economic Forum - Odessa American,BigSpring Awarded as Technology Pioneer by World Economic Forum  Odessa American,2020-06-16T07:41:00Z
"Shiloh Industries, Inc. Amends Agreement with Bank Lenders to Provide Additional Financial Flexibility as It Resumes Production Across Its Global Operations","VALLEY CITY, OHIO--(BUSINESS WIRE)--Shiloh Industries, Inc. (NASDAQ: SHLO) (the “Company”) an environmentally focused global supplier of lightweighting, noise and vibration solutions, announced today that the Company and certain of its subsidiaries have reach…",2020-06-15T20:40:23Z
Growing Down-Trading Will Continue To Fuel Growth For The Discount Retail Industry,"Growing down-trading and focus on necessities will continue to drive WMT, TGT and DG. The private labels are well-positioned for growth compared to luxury retai",2020-06-15T18:45:39Z
India Retail Reopens Even as COVID-19 Cases Climb,"Even as the number of COVID-19 cases leaps, India's malls opened for business last week, joining stand-alone stores, markets and e-commerce players that had opened previously.",2020-06-15T16:56:15Z
Top-Ranked Beaten Down ETFs to Buy Now,"Given the sharp decline in the stock market last week, investors should take advantage of the beaten-down prices.",2020-06-15T15:10:03Z
"GDP contraction poses #39;existential threat#39; to MSMEs, policy measures offer little succour: Report","However, policy interventions by the Reserve Bank of India (RBI) and the finance ministry offer little hope because they cannot revive demand, which is crucial for the small businesses, the report said.",2020-06-15T10:29:05Z
Crude Oil Prices Sink with Stocks Amid Global Recession Fears,Crude oil prices fell alongside stocks and other cyclical assets at the start of the trading week in what appeared like the return of global recession fears.,2020-06-15T05:00:00Z
"Your risk appetite may have changed, so revisit goals: I.V. Subramaniam, Quantum AMC","Economic recovery is unlikely to be quick. Investors should be clear about their capacity to save and what their goals are before they jump into the market, says I.V. Subramaniam, MD & CIO, Quantum Advisors, Director, Quantum AMC, tells ET Wealth.",2020-06-15T01:00:00Z
US Foods Is A Recovery Play,"USFD has rebounded hard, but is still well off its highs. With the forward PE at just 13, shares look cheap. The recovery for USFD looks a bit long, but progres",2020-06-14T17:14:08Z
Opinion | A case of wilful spenders turning into forced savers,A consumption led recovery can’t be counted upon but a rise in savings could help fund fiscal spending,2020-06-14T15:45:51Z
"âPharma, gold loan firms among 6 themes where there is money making opportunityâ","We see opportunities with select consumer staples, large IT players, the strongest banks, life insurance companies, and a few names in the pharma sector including the MNCâs and gold loan companies.",2020-06-14T07:21:34Z
How coronavirus will change the way we all shop,As shops re-open in England it is clear Covid-19 will have a lasting impact on the retail sector.,2020-06-14T00:43:00Z
How coronavirus will change the way we all shop,As shops re-open in England it is clear Covid-19 will have a lasting impact on the retail sector.,2020-06-14T00:41:33Z
Edited Transcript of SEE earnings conference call or presentation 5-May-20 2:00pm GMT,Q1 2020 Sealed Air Corp Earnings Call,2020-06-13T02:22:36Z
PVH Corp. (PVH) CEO Manny Chirico on Q1 2020 Results - Earnings Call Transcript,"PVH Corp. (NYSE:PVH) Q1 2020 Earnings Conference Call June 12, 2020 09:00 AM ET Company Participants Dana Perlman - IR Manny Chirico - Chairman and CEO Stefan L",2020-06-12T19:54:10Z
April factory output contracts as large number of units report nil production,"Food inflation moderates 9.3% in May from 10.5% in Apr, led by fall in vegetable prices.",2020-06-12T18:51:51Z
Hindalco Industries Ltd (HNDNF) CEO Praveen Maheshwari on Q4 2020 Results - Earnings Call Transcript,"Hindalco Industries Ltd (OTC:HNDNF) Q4 2020 Earnings Conference Call June 11, 2020, 06:30 ET Company Participants Subir Sen - Deputy GM & Head, IR Satish Pa",2020-06-12T17:44:04Z
10 Predictions on How COVID-19 Will Impact Middle Market M&A,"MILWAUKEE, June 12, 2020 /PRNewswire/ --The following is a blog post written by Nick Kozik, Vice President, TKO Miller. The coronavirus outbreak has impacted just about every aspect of daily life on a global scale, and middle market M&A is no exception. With …",2020-06-12T17:00:00Z
10 Predictions on How COVID-19 Will Impact Middle Market M&A,"The following is a blog post written by Nick Kozik, Vice President, TKO Miller.",2020-06-12T17:00:00Z
Picking Through The Carnage,"The S&P 500 took its biggest hit since March. The worst performers were travel, energy and financial stocks. Stay at home stocks held the price against market m",2020-06-12T16:51:06Z
"Mental models formed during lockdown to drive consumer behaviour, says Tata Consumer Products official",Convenience and health gain impetus; tech to drive agenda,2020-06-12T12:56:15Z
When Less Bad Is Good,"While the labour market is still feeling the pain from the initial shock as many workers remain underutilized, last month's improvement moved forward the expect",2020-06-12T10:26:25Z
Adobe Inc. (ADBE) CEO Shantanu Narayen on Q2 2020 Results - Earnings Call Transcript,"Adobe Inc. (NASDAQ:ADBE) Q2 2020 Earnings Conference Call June 11, 2020 17:00 ET Company Participants Jonathan Vaas - Vice President, Investor Relations Shantan",2020-06-12T03:12:05Z
ASX 200: improved consumer sentiment to near pre COVID-19 levels,"A new Westpac economic release reports improved consumer sentiment up 16.4% in May. We examine the effects on the ASX200.  
The post ASX 200: improved consumer sentiment to near pre COVID-19 levels appeared first on Motley Fool Australia.",2020-06-12T01:13:07Z
Why Nike Stock Fell 7% Today,Shares of the sportswear giant pulled back with the broader market selloff.,2020-06-11T23:36:00Z
Deep Dive: These U.S. stocks paced the market’s brutal decline Thursday,Many of the troubled companies that had been leading the recovery got crushedMany of the troubled companies that had been leading the recovery got crushed.,2020-06-11T21:06:47Z
Only 4 stocks in the S&P 500 are rising,"Less than a handful of the more than 500 stocks that make up the S&P 500 Index are trading higher, as the index tumbled 4.4% toward its biggest one-day drop since the COVID-19 pandemic selloff accelerated in March. Two of the four gainers were in the defensiv…",2020-06-11T17:58:40Z
WeedMD Inc. (WDDMF) CEO Angelo Tsebelis on Q4 2019 Results - Earnings Call Transcript,"WeedMD Inc. (OTCPK:WDDMF) Q4 2019 Earnings Conference Call June 11, 2020, 10:00 AM ET Company Participants Marianella delaBarrera - VP, Communications and Corpo",2020-06-11T17:44:10Z
Hedge Funds' 25 Top Blue-Chip Stocks to Buy Now,"2020 has been a wild year for everyone: even blue-chip stocks and the ""smart money"" investors that hold them.Hedge funds ended 2019 with a record $3.32 trillion in assets under management (AUM). However, in 2020, volatility and a stock market led by only a na…",2020-06-11T17:40:09Z
How A Retail Recovery Might Look Based On Lessons From Past Crises,Retailers in most countries have not faced an economic fallout of this magnitude since the global financial crisis of 2007-2009. Explore what the global financial crisis and past health emergencies tell us about a retail recovery in the Covid-19 era.,2020-06-11T16:26:08Z
Webinar Replay: Thematic Investing And The Stay-At-Home Economy,"With widespread office, school, and business closures, and global shelter-in-place orders, COVID-19 has upended many aspects of our everyday lives. We've been d",2020-06-11T16:00:14Z
Protecting Worker Safety and Economic Security During the COVID-19 Reopening,"Policies for the COVID-19 reopening must simultaneously protect workers from economic insecurity and from the virus itself.
The post Protecting Worker Safety and Economic Security During the COVID-19 Reopening appeared first on Center for American Progress.",2020-06-11T13:44:00Z
Direxion Launches Three First of Their Kind ETFs,"Direxion has expanded its range of buy and hold products with the launch of the three new ETFs: the Direxion Dynamic Hedge ETF (Ticker: DYHG, Net Expense Ratio: 0.57%), the Direxion High Growth ETF (Ticker: HIPR, Expense Ratio: 0.40%), and the Direxion Fallen…",2020-06-11T12:30:00Z
Direxion Launches Three First of Their Kind ETFs,"NEW YORK, June 11, 2020 /PRNewswire/ -- Direxion has expanded its range of buy and hold products with the launch of the three new ETFs: the Direxion Dynamic Hedge ETF (Ticker: DYHG, Net Expense Ratio: 0.57%), the Direxion High Growth ETF (Ticker: HIPR, Expens…",2020-06-11T12:30:00Z
"S&P Futures, World Stocks Tumble On Dismal Fed Outlook, Second Virus Wave Fears","S&P Futures, World Stocks Tumble On Dismal Fed Outlook, Second Virus Wave Fears

 Tyler Durden
 
Thu, 06/11/2020 - 07:45

 According to analysts, it was one of the most dovish Fed statements in history. It was also not enough to offset the Fed's gloomy and un…",2020-06-11T11:45:30Z
Why Stay At Home Stock Pickers Should Focus On Small Cap Stocks,"You as an individual investor have more opportunities, and with greater potential return than Warren Buffett has right now. Putting most of your focus on small",2020-06-11T11:00:40Z
"Coronavirus pandemic | Demand for credit cards, personal loans to go up, so will stress in these segments: Report Â","Banks should redesign their mix of secured and unsecured lending to take care of their assets, TransUnion Cibil has said.",2020-06-11T09:36:57Z
Copper’s Raging Bull Needs More Than China,"(Bloomberg Opinion) -- Copper has been on a steady upward trend, charging into a bull market and toward $6,000 per metric ton. That’s going to be tough to sustain. China’s stimulus efforts are being felt most strongly in infrastructure and construction. They …",2020-06-11T05:48:44Z
News24.com | Khaya Sithole | Taxi fare hikes: What happens when you regulate the unregulated,"Fare  increases, proposed to come into effect next week, have gone up by as much as 170% for some commuters, says Khaya Sithole.",2020-06-11T03:00:33Z
"Covid-19: NZ went hard, early, and then went shopping","Retail spending on credit and debit cards bounced back in May as businesses reopened from the covid-19 lockdown, although spending at hotels, motels, cafes and restaurants was unsurprisingly below normal.""Covid-19 saw New Zealand...",2020-06-11T01:26:30Z
North West Company's (NNWWF) CEO Edward Kennedy on Q1 2020 Results - Earnings Call Transcript,"The North West Company, Inc. (OTC:NNWWF) Q1 2020 Earnings Conference Call June 10, 2020 2:30 PM ET Company Participants Edward Kennedy – President and Chief Exe",2020-06-10T23:57:08Z
Women Were Making Historic Strides in the Workforce. Then the Pandemic Hit,"Women were the first to lose their jobs in the COVID-19 recession, and so far, the slowest to regain them.",2020-06-10T22:12:08Z
"Kimball: 15% FCF Yield, 25% Net Cash, 6.7x P/E And $187 Million Order Backlog Make For Cheap Buy","Alpha cash position stock - 15% FCF yield on EV and 25% Net Cash ($2.86 per share) to market cap. Cheap, forward-looking ex-cash P/E of 6.7x on FY2021. Strong l",2020-06-10T01:34:43Z
Luis de Guindos: Euro area: economic outlook and financial stability during the pandemic crisis,The European Central Bank (ECB) is the central bank of the 19 European Union countries which have adopted the euro. Our main task is to maintain price stability in the euro area and so preserve the purchasing power of the single currency.,2020-06-10T00:00:00Z
Luis de Guindos: Euro area: economic outlook and financial stability during the pandemic crisis,The European Central Bank (ECB) is the central bank of the 19 European Union countries which have adopted the euro. Our main task is to maintain price stability in the euro area and so preserve the purchasing power of the single currency.,2020-06-10T00:00:00Z
Edited Transcript of PFIE earnings conference call or presentation 7-May-20 5:00pm GMT,Q1 2020 Profire Energy Inc Earnings Call,2020-06-09T23:28:25Z
20 Best Stocks to Invest In During This Recession,"As a general rule, the best stocks to invest in while the economy is plunged in a recession tend to be boring, get-the-job-done companies.They have to be. In a recession, there's typically not a lot of money for much else.While it usually takes six months to …",2020-06-09T18:44:06Z
Gov. Northam expected to discuss the future for schools in COVID-19 briefing,Governor Ralph Northam is set to address the commonwealth on Tuesday for his latest briefing amid both the COVID-19 pandemic and continuing civil unrest over the murder of George Floyd.,2020-06-09T18:15:58Z
Why Some Restaurant Stocks Are Falling Today,Gloomy COVID-19 news took the edge off a sector rally that was inspired by states moving back toward normal business operations -- perhaps a bit too early.,2020-06-09T17:32:00Z
"The Bear Case For Stocks Is Better Than Ever, We're Convinced The Next Big Move Is Lower",The S&P 500 has impressively climbed back to nearly even for the year on the enthusiasm that the worst of the pandemic and economic disruptions are over. We rea,2020-06-09T17:05:17Z
5%+ Dividend Yield Portfolio: Selling Into The Enthusiasm (May 2020 Review),"My +3% April performance lagged the +5% of the S&P 500 as a risk-on fervor dispensed with seemingly ANY bad news. However, my YTD dividends are still up 2% desp",2020-06-09T16:01:01Z
Why Avis Budget Group's Shares Are Up Almost 90% Since April 30,Is the travel industry's recovery going to arrive ahead of schedule?,2020-06-09T15:27:00Z
Déjà Vu: Extremely Valued Tech Companies Propping Up Stock Markets,"Tech stocks make up just 8.8% of the Canadian stock market today. On a valuation basis, Canada's S&P/TSX Info Tech Index is now trading at an average price to e",2020-06-09T11:11:37Z
Caveat Emptor: The 3 Most Dangerous REIT Property Sectors,"REIT investors always should consider the various property sectors in which they’re deploying capital. While certain sectors are recovering faster than others,",2020-06-09T11:00:00Z
Signet Jewelers Reports Q1 Results And Accelerated Digital Focus,"HAMILTON, Bermuda, June 9, 2020 /PRNewswire/ -- Signet Jewelers Limited (""Signet"") (NYSE:SIG), the world's largest retailer of diamond jewelry, today announced its results for the 13 weeks ended May 2, 2020 (""first quarter Fiscal 2021""). As discussed below, r…",2020-06-09T10:50:00Z
"#39;Buy-on-dips#39; best strategy for this market; bet on telecom, consumer, pharma, say experts","Observers broadly agree that the market will remain in the 10,000-10,500 range and if it goes beyond 1,500, profit-booking may emerge.",2020-06-09T08:25:44Z
No longer on autopilot: Lessons for CFOs from COVID-19,The CFO must ensure that the financial-management approaches and tools being used to guide their companies through the pandemic stick in the next normal.,2020-06-09T00:00:00Z
No longer on autopilot: Lessons for CFOs from COVID-19,The CFO must ensure that the financial-management approaches and tools being used to guide their companies through the pandemic stick in the next normal.,2020-06-09T00:00:00Z
YETI: An Excellent Investment At A Lower Price,YETI is an excellent young company that is growing domestically and internationally. The brand's premium reputation and global growth strategies will lead to su,2020-06-08T17:10:12Z
Technology As the Way Forward: The New Normal - Entrepreneur,"COVID-19 pandemic and the resultant disruptions have irrevocably altered the technology and digital adoption for consumers, corporates and governments alike.",2020-06-08T16:16:00Z
5 Tech Stocks to Buy on Market Recovery From COVID-19 Crisis - Yahoo Finance,The rally in technology stocks has been aiding the U.S. stock market. Here we choose five technology stocks that are well poised to grow as the economy partially reopens.,2020-06-08T11:29:00Z
"Taking Stock: Profit-booking wipes out gains, Nifty holds 10,150; over 80 stocks at 52-week high","Long Buildup was seen in stocks like Indiabulls Housing Finance, Chola Finance, JustDial, and Titan Company Ltd.",2020-06-08T11:09:50Z
Taobao Live Could Be A Key Growth Driver For Alibaba,Taobao reported 719% growth in new merchants using the platform in February compared to January. The platform hit 3.387 trillion yuan in GMV for the 2020 fiscal,2020-06-08T10:00:00Z
Nigeria: Future of West African Corporate Finance Market,"[This Day] Lagos -The economic and social impact of the COVID-19 pandemic continues to be felt globally. In West Africa, beyond a health crisis, the economic aftershocks will continue to be felt through reduced foreign trade and investment, and declining loca…",2020-06-08T05:40:00Z
Unlock 1.0 | Here are 20 stocks that are likely to benefit the most; worth a look?,"Consumption, infra, telecom stocks might be a smart choice as unlock 1.0 could benefit in short to mid-term. Stocks including cement, metal, and capital goods might generate good returns, suggest experts.",2020-06-08T04:47:29Z
"There is little chance of markets revisiting March 2020 lows: Taher Badshah, Invesco Mutual Fund","""Markets are currently at a stage where one cannot be overly aggressive or defensive. Trajectory of economic recovery is unclear and the next few quarters may necessitate constant readjustment on either side.""",2020-06-08T01:00:00Z
3 Top Coronavirus Stocks to Buy in June,Here are three stocks that could be winners in the coming months as the crisis shifts to the recovery phase.,2020-06-07T16:29:00Z
"‘We are leaning more on monetary policy, whereas fiscal policy would have been more effective’: CRISIL MD","Ashu Suyash, MD & CEO, CRISIL told The Indian Express that direct fiscal spending from the overall package is about Rs 2.6 lakh crore or 1.2% of GDP this year. Excerpts:",2020-06-06T23:20:25Z
Goldman's Clients Are Asking What Happens If Trump Loses And Dems Take The Senate,"Goldman's Clients Are Asking What Happens If Trump Loses And Dems Take The Senate

 Tyler Durden
 
Sat, 06/06/2020 - 15:35

 Over the past week, a significant change has taken place in the US political world and we are not talking about the unprecedented nati…",2020-06-06T19:35:00Z
Current Affairs for IAS Exams - 06 June 2020,"Current Affairs for IAS Exams - 06 June 2020




::NATIONAL::

Government to transfer funds to PMJDY women account 
holders

<ul>
<li>

Government will start sending the amount of 500 
rupees to the women account holders of PradhanMantri Jan DhanYojana (…",2020-06-06T12:41:59Z
Near-term outlook for FMCG sector 'extremely uncertain: HUL CMD Sanjiv Mehta,"There are many unknowns today and hence, the near-term outlook is extremely uncertain, Sanjiv Mehta said",2020-06-06T10:46:56Z
Coronavirus fallout: HUL 'extremely uncertain' about near-term outlook for FMCG sector,"HUL, which owns popular brands like Lux, Lifebuoy, Surf Excel, Rin, Ponds, Vaseline, Lakme, Dove, and Brooke Bond, added that the COVID-19 pandemic has also impacted consumer behaviour and demand patterns",2020-06-06T09:35:47Z
"Near-term outlook for FMCG sector 'extremely uncertain', says HUL",Hindustan Unilever Ltd is confident about medium to long-term growth prospects of the sector,2020-06-06T08:45:00Z
"Coronavirus impact: Near-term outlook for FMCG sector #39;extremely uncertain#39;, says HUL","While describing the current situation as ""much more uncertain than normal"", the FMCG major added that it is confident about its ability to manage the immediate crisis.",2020-06-06T07:40:06Z
"COVID-19: Near-term outlook for FMCG sector 'extremely uncertain', says HUL","The near-term outlook for the FMCG market is ""extremely uncertain"" as the COVID-19 outbreak had a ""terrible impact"" and the situation remains volatile with the trajectory of the coronavirus undetermined, according to HUL.",2020-06-06T07:09:59Z
"COVID-19: Near-term outlook for FMCG sector 'extremely uncertain', says HUL","The near-term outlook for the FMCG market is ""extremely uncertain"" as the COVID-19 outbreak had a ""terrible impact"" and the situation remains volatile with the trajectory of the coronavirus undetermined, according to HUL.",2020-06-06T07:09:59Z
S&P 500 Weekly Update: The Secular Bull Market Rolls On,"The equity rally surges ahead leaving the majority of investors in disbelief. In a Secular bull market, the surprises occur on the upside. Global Markets contin",2020-06-06T05:21:41Z
#39;Complete V-shaped recovery unlikely soon but valuations reasonable in these 4 sectors#39;,Mid and small-caps have become reasonable but much will depend on the stock- to stock & business basis. Infra is also very cheap but the outlook is weak.,2020-06-06T02:43:22Z
Deep Dive: These stocks rose by double digits Friday as underperforming sectors bounced back,Airline and energy stocks had among the biggest gains from a week earlierAirline and energy stocks had among the biggest gains from a week earlier.,2020-06-05T21:06:04Z
Nasdaq closes in on record high after surprise jobs report,"U.S. stock index futures rose on Friday with S&P 500 futures hitting a three-month high, as investors focused on tentative signs of a post-coronavirus economic rebound ahead of another expected plunge in U.S. employment data.",2020-06-05T17:30:34Z
Nasdaq closes in on record high after surprise jobs report,A stunning U.S. jobs report on Friday put the Nasdaq within striking distance of its record high as investors flocked back to riskier assets on hopes of a swift economic rebound from the coronavirus-driven slump.,2020-06-05T17:24:01Z
Coronavirus Ireland Live Updates: Seven further deaths and 28 new cases confirmed,Follow the latest coronavirus news in Ireland and across the world on the Independent.ie live blog.,2020-06-05T16:16:00Z
The latest jobs numbers are unexpected. This could be very good news for our future after coronavirus,A proper analysis of where we are now paints a surprisingly positive picture,2020-06-05T15:10:27Z
RBI MPC minutes: Here#39;s why Chetan Ghate did not favour a bigger rate cut,"The MPC ultimately settled for a 40 bps rate cut as part of the monetary policy measures to fight Covid-19 hoping that this will help banks to lend more to companies and individuals, and thus kick start the economy.",2020-06-05T14:42:35Z
"Invesco S&P 500 High Beta ETF: Careful, Icarus","Invesco S&P 500 High-Beta ETF has risen 30% in only about three weeks, leaving in the dust a rallying broad market. The combination of lower-quality and increas",2020-06-05T13:51:28Z
"Invesco S&P 500 High Beta ETF: Careful, Icarus","Invesco S&P 500 High-Beta ETF has risen 30% in only about three weeks, leaving in the dust a rallying broad market. The combination of lower-quality and increas",2020-06-05T13:51:28Z
S&P 500: Nine Stocks Really Shine Every Summer (Do You Own Them Yet?) - Investor's Business Daily,"<ol><li>S&P 500: Nine Stocks Really Shine Every Summer (Do You Own Them Yet?)  Investor's Business Daily
</li><li>Stocks just had their biggest 50-day rally ever — here's what they did next after similar gains (SPY)  Business Insider
</li><li>Wall Street’s …",2020-06-05T12:03:53Z
A Viral Market Update IX: A Do-It-Yourself S&P 500 Valuation,"Markets have settled in, mostly with an upward bias in these last few weeks, and the big question, as US equities climb back towards pre-crisis levels, is wheth",2020-06-05T11:24:56Z
Don’t take a broad-brush approach when picking BFSI & pharma stocks: Aashish Somaiyaa,‘Be selective when picking stocks as we move into the next quarter’,2020-06-05T07:41:01Z
Coronavirus Ireland Live Updates: 'We have earned the right to be hopeful about the future again' - Varadkar,Follow the latest coronavirus news in Ireland and across the world on the Independent.ie live blog.,2020-06-05T06:16:33Z
The careful economy,"How financial stability, security, and safety are being redefined for an uncertain future",2020-06-05T00:00:00Z
The careful economy,"How financial stability, security, and safety are being redefined for an uncertain future",2020-06-05T00:00:00Z
"After malls, stores reopen, retail leaders brace themselves","From an optimistic four to six months to a more sober 18 months—that’s how long the Philippine economy will take to start recovering from the economic downturn in this pandemic, according to the country’s major retailers. “Retail will have a slow recovery and…",2020-06-04T21:35:39Z
"G-III Apparel Group, Ltd. (GIII) CEO Morris Goldfarb on Q1 2021 Results - Earnings Call Transcript","G-III Apparel Group, Ltd. (NASDAQ:GIII) Q1 2021 Earnings Conference Call June 4, 2020 8:30 am ET Corporate Participants Morris Goldfarb - Chairman and Chief Exe",2020-06-04T19:02:07Z
G-III Apparel Group Ltd (GIII) Q1 2021 Earnings Call Transcript,"GIII earnings call for the period ending April 30, 2020.",2020-06-04T18:00:54Z
A Viral Market Update IX: A Do-it-Yourself S&P 500 Valuation,,2020-06-04T17:54:00Z
The Most Important Question In Finance Today,"The Most Important Question In Finance Today

 Tyler Durden
 
Thu, 06/04/2020 - 13:45

 In his latest daily note to clients, DB's Jim Reid writes that it was interesting for him to look back on the note he wrote from 20th April (in what he says feels a lifeti…",2020-06-04T17:45:43Z
"Coronavirus effect: Consumer confidence plunges in May; GDP likely to contract by 1.5% in FY21, says RBI survey","RBI survey predicted that gross domestic product (GDP) during the current financial year is likely to contract by 1.5 per cent, but is expected to grow by 7.2 per cent in FY22",2020-06-04T17:19:20Z
"Market Extra: The next 10% up in the S&P 500 is all about the pandemic recovery — and it’s doable, this analyst says","It’s not out of the question that the stock index could rise 10%, one analyst argues, because there are both fundamental and technical reasons why the stocks that will make up the pandemic recovery play can lead the way.",2020-06-04T16:18:36Z
"Consumer confidence falls, economy may contract by 1.5% in FY21: RBI","Real gross value added (GVA) is expected to decline by 1.7 per cent this fiscal but record 6.8 per cent growth in 2021-22, supported by uptick in industrial and services sector activities",2020-06-04T15:38:00Z
"Consumer confidence falls, economy may contract by 1.5% in FY21: RBI","Real gross value added (GVA) is expected to decline by 1.7 per cent this fiscal but record 6.8 per cent growth in 2021-22, supported by uptick in industrial and services sector activities",2020-06-04T15:38:00Z
"Consumer confidence collapses, economy may contract by 1.5 per cent in FY21: RBI surveys","Real private final consumption expenditure (PFCE) is expected to decline by 0.5 per cent during 2020-21 but likely to record 6.9 per cent growth next fiscal, the survey said.",2020-06-04T15:37:03Z
"Consumer confidence collapses, economy may contract by 1.5 per cent in FY21: RBI surveys","Real private final consumption expenditure (PFCE) is expected to decline by 0.5 per cent during 2020-21 but likely to record 6.9 per cent growth next fiscal, the survey said.",2020-06-04T15:37:03Z
Zacks Earnings Trends Highlights: JPMorgan and Disney,Zacks Earnings Trends Highlights: JPMorgan and Disney,2020-06-04T15:36:03Z
Gov. Northam to outline details of Phase 2 in Thursday briefing,Governor Ralph Northam is set to address the commonwealth on Thursday for his latest briefing amid both the COVID-19 pandemic and nationwide civil unrest over the murder of George Floyd.,2020-06-04T15:26:34Z
COVID-19: How companies are responding,While the survey showed many companies looking to enhance employee benefits (from wellbeing programmes to mental health and stress management services) - the research also found some benefits were likely to be reduced. The reportedly most likely to be reduced…,2020-06-04T14:03:00Z
Better Buy: McDonald's vs. Darden Restaurants,These are different businesses despite their place in the restaurant industry.,2020-06-04T13:30:00Z
Elastic N V (ESTC) Q4 2020 Earnings Call Transcript,"ESTC earnings call for the period ending March 31, 2020.",2020-06-04T04:30:47Z
Elastic N.V. (ESTC) CEO Shay Banon on Q4 2020 Results - Earnings Call Transcript,"Elastic N.V. (NYSE:ESTC) Q4 2020 Earnings Conference Call June 03, 2020 05:00 PM ET Company Participants Anthony Luscri - VP, IR Shay Banon - Founder and CEO Ja",2020-06-04T02:53:09Z
Canada Goose Holdings Inc. (GOOS) Q4 2020 Earnings Call Transcript,"GOOS earnings call for the period ending March 31, 2020.",2020-06-04T01:30:51Z
Spain after COVID-19: From resilience to reimagination,"COVID-19 will have a deep impact on Spain&rsquo;s economy and the survival rates of companies. To safeguard both lives and livelihoods, public- and private-sector leaders must act swiftly in a coordinated effort.",2020-06-04T00:00:00Z
Spain after COVID-19: From resilience to reimagination,"COVID-19 will have a deep impact on Spain&rsquo;s economy and the survival rates of companies. To safeguard both lives and livelihoods, public- and private-sector leaders must act swiftly in a coordinated effort.",2020-06-04T00:00:00Z
Earnings Picture to Improve After Q2,Earnings Picture to Improve After Q2,2020-06-03T22:26:10Z
Earnings Picture to Improve After Q2,Earnings Picture to Improve After Q2,2020-06-03T22:20:10Z
Irrational Stock Prices Meet Exuberant Investors,"Why stocks trade at 2023 levels in 2020 is bizarre. If consumers will be buying fewer products and services from public corporations one year from now, might th",2020-06-03T20:18:48Z
All 30 Dow Stocks Ranked: The Pros Weigh In,The Dow Jones Industrial Average - that group of 30 blue-chip behemoths with long track records of outperformance - is trailing the other major indexes by a wide margin this year.But the Dow's 30 stocks are starting to catch up.The DJIA is down nearly 10% yea…,2020-06-03T19:55:25Z
Fed's Beige Book: Clues For Investors,The Fed's Beige Book contains qualitative information that can help investors pick winners and shed losers. All the 12 Fed districts have witnessed most busines,2020-06-03T17:52:40Z
"Canada Goose (GOOS) CEO, Dani Reiss on Q4 2020 Results - Earnings Call Transcript","Canada Goose Holdings Inc. (NYSE:GOOS) Q4 2020 Earnings Conference Call June 3, 2020 9:00 am ET Company Participants Dani Reiss - President, Chief Executive Off",2020-06-03T17:00:50Z
Toll Brothers Earnings Show a Housing Rebound Could Be Underway,Some early shoots of growth are starting to reveal themselves for the housing sector.,2020-06-03T13:45:00Z
3 Top Stocks That 1 Wall Street Hedge Fund Is Buying,What the hedge fund's investors will want to know is if these manufacturers can make profits for their shareholders.,2020-06-03T12:40:00Z
"Coronavirus Roundtable - Work From Home Plays, But Not The Obvious Ones (Video Transcript)","Joe Albano of Tech Cache joins us to speak about the tech sector. We cover the decreasing levels of uncertainty through the past two months, and what that means",2020-06-03T11:30:00Z
Budget FY21 — growth imperatives,"We can demonstrate through the budget a move to higher growth that is inclusive, sustainable and promotes stability
The post Budget FY21 — growth imperatives appeared first on The Express Tribune.",2020-06-03T05:19:52Z
Unrest in US cities spark concerns among India’s diamond exporters,"“If the unrest continues for long, then it will have an impact on the exports to the US,” said Vipul Shah, managing director of diamond exporting firm Asian Star. “The pandemic has already affected our business across the globe. It is a trying time for India’…",2020-06-03T05:12:41Z
Covid pandemic and the talent pool,Neither a degree nor experience guarantees you a job or a stable career path any more,2020-06-03T04:40:48Z
Capacity utilisation stands at 90% of pre-Covid levels: Hindustan Unilever,"All its factories and warehouses are open, barring the one in Assam.",2020-06-02T19:40:00Z
Gov. Northam to discuss Virginia's future amid pandemic and protests,Governor Ralph Northam is set to address the commonwealth on Tuesday for his latest COVID-19 briefing as Virginians adapt to his latest executive order to require wearing face coverings inside businesses.,2020-06-02T18:00:38Z
FMCG revenue to de-grow 2-3% in FY21: Crisil Ratings,"Crisil’s estimates paint a bleak picture for the FMCG sector, as opposed to Nielsen’s estimates of 5-6% growth for the sector",2020-06-02T14:24:59Z
S&P 500 Dashboard For June,"A score in value, quality and momentum for every sector. Evolution since last month. The best and the worst sectors for these metrics.",2020-06-02T13:56:02Z
FMCG companies#39; revenue to contract by 3% in FY21: CRISIL,"However, companies will adopt lower advertising spends and benefit from lower input prices, which will ensure that operating profit levels can be broadly maintained at up to 19 percent, it said.",2020-06-02T13:30:06Z
Does value investing still work in a post-Covid world?,‘We have churned about 15% of our investment portfolio’,2020-06-02T13:11:55Z
Why Dick's Sporting Goods Stock Was Up 23% in May,"Shareholders were left to guess how business was in May, but Q1 results for this retailer now validate investor optimism.",2020-06-02T13:03:38Z
FMCG companies' revenue to contract by 3%: Crisil,"However, companies will adopt lower advertising spends and benefit from lower input prices.",2020-06-02T12:58:52Z
"FMCG revenue to de-grow 2-3% this fiscal, contrary to previous estimates of 8-10%",FMCG one of the most resilient among consumer-oriented sectors in terms of credit quality: CRISIL,2020-06-02T12:36:36Z
Steel players#39; operating profit to decline 20-30% in FY21: India Ratings,"The agency has already predicted a 10-15 percent reduction in steel demand for the current fiscal, mainly due to the slowdown in economy, decline in auto sector and the impact of COVID-19 pandemic on construction activities.",2020-06-02T12:05:05Z
DICK'S Sporting Goods Reports First Quarter Results,"DICK'S Sporting Goods, Inc. (NYSE: DKS), the largest U.S. based full-line omni-channel sporting goods retailer, today reported sales and earnings results for the first quarter ended May 2, 2020.",2020-06-02T11:30:00Z
DICK'S Sporting Goods Reports First Quarter Results,"PITTSBURGH, June 2, 2020 /PRNewswire/ -- DICK'S Sporting Goods, Inc. (NYSE: DKS), the largest U.S. based full-line omni-channel sporting goods retailer, today reported sales and earnings results for the first quarter ended May 2, 2020. First Quarter Results T…",2020-06-02T11:30:00Z
"FMCG sector's revenue to de-grow 2-3% in FY21, says CRISIL Ratings",The assessment is based on an analysis of 57 CRISIL-rated FMCG companies that account for approximately 50% of the sector's revenues,2020-06-02T11:16:00Z
High-frequency indicators signalling a collapse ahead for many sectors: Nomura economist,Prospects for the economy are not looking encouraging at all.,2020-06-02T11:13:00Z
Edited Transcript of ORI.AX earnings conference call or presentation 8-May-20 12:30am GMT,Half Year 2020 Orica Ltd Earnings Presentation,2020-06-02T03:34:39Z
Thermon Group Holdings Inc (THR) Q4 2020 Earnings Call Transcript,"THR earnings call for the period ending March 31, 2020.",2020-06-02T00:30:25Z
Edited Transcript of EVTC earnings conference call or presentation 8-May-20 2:00pm GMT,Q1 2020 Evertec Inc Earnings Call,2020-06-01T23:10:41Z
Thermon Group Holdings (THR) CEO Bruce Thames on Q4 2020 Results - Earnings Call Transcript,"Thermon Group Holdings (NYSE:THR) Q4 2020 Earnings Conference Call June 1, 2020 11:00 ET Company Participants Kevin Fox - Vice President, Corporate Development",2020-06-01T20:06:05Z
A Low Vol ETF’s Big Reshuffle,‘SPLV’ has turned its allocation on its head in a year of firsts.,2020-06-01T18:30:00Z
Global stocks climb near three month highs as rebound hopes grow,Investors back belief that Covid-19 economic downturn has bottomed out,2020-06-01T17:32:48Z
"Omnicom Group Positioned To Thrive, Not Just Survive","We first made OMC a Long Idea in May 2018 and with an even cheaper valuation, it looks even more attractive today. OMC has the cash to survive the current disru",2020-06-01T15:30:00Z
"Crocs And Lululemon Have Seen Stock Swell 3x In Two Years, But Which Is A Better Bet Now?",Lululemon’s stock has grown by 195% between the beginning of 2018 and 2020 - a handsome return for an investor by any count. Investors in Crocs’ stock fared even better with returns in excess of 230% over the same time period. But it is hard to believe that C…,2020-06-01T15:20:00Z
ICRA continues its ‘negative’ outlook on the domestic passenger vehicle segment,It says that the demand could contract by 25 per cent in FY2021 amid Covid-19,2020-06-01T11:33:21Z
Coronation Merchant Bank organizes virtual forum on impact of COVID-19 and declining Oil Prices on the Nigerian Economy,"Despite the uncertainties in economy, Coronation Merchant Bank remains optimistic that there are yet investment opportunities in Nigeria’s economy. This was disclosed by a team of analysts at the Coronation Breakfast Session, tagged “Discovering the New Norma…",2020-06-01T09:53:51Z
Is There More Upside For Honeywell’s Stock After A 40% Rebound?,"Despite its exposure to commercial aviation, the worst hit sector in the current crisis, Honeywell’s stock has outperformed with over 43% gain since the recent lows of March 23, compared to the broader S&P 500, which gained around 35%...",2020-06-01T09:30:00Z
These lucky 7 midcaps turned largecaps in the last one year; time to buy?,"There are as many 7 stocks which are now trading with a market capitalisation of more than Rs 20,000 crore that include names like Abbott India, Adani Green, Ipca Lab, Tata Consumer etc.",2020-06-01T04:45:06Z
"Nomura sees Nifty at 10,200 in Mar'21; financials to drag earnings","The lockdown's impact on corporate earnings will be worse than seen during the GFC, according to Nomura",2020-06-01T04:41:00Z
A resilient return for Asia’s manufacturing and supply chains?,Asia shows an early glimpse of how manufacturing and supply-chain leaders are responding to disruption caused by the pandemic.,2020-06-01T00:00:00Z
A resilient return for Asia’s manufacturing and supply chains?,Asia shows an early glimpse of how manufacturing and supply-chain leaders are responding to disruption caused by the pandemic.,2020-06-01T00:00:00Z
Transcript: David Rosenberg,"The transcript from this week’s, MiB: David “Rosie” Rosenberg, is below. You can stream and download our full conversation, including the podcast extras, on iTunes, Spotify, Overcast, Google, Bloomberg, and Stitcher. All of our earlier podcasts on your favori…",2020-05-31T16:00:17Z
2 Healthcare Stocks At High Risk Of A Writedown,Investing in companies that are forced to write down their assets due to botched acquisitions can have devastating consequences for investors.,2020-05-31T12:00:00Z
"May Preview: PV, CV, two-wheeler sales may see significant fall, but tractors may do better","Retail sales in 2Ws, PVs and CVs are also expected to see massive fall on year-on-year basis, but tractor sales could be better than others, brokerages feel.",2020-05-31T08:27:28Z
Indian economy on course for full-year contraction: DBS Bank economist,The government on Saturday said a phased exit would begin on June 1 from the over-two-months-long nationwide lockdown,2020-05-31T08:09:00Z
Altria Represents One Of The Safest Ultra-High Yields You Can Find Today,"Over the past 33 years, Altria has compounded shareholder wealth at 17% CAGR. Altria's liquidity is now $5.5 billion – almost enough to cover the dividend all o",2020-05-30T11:00:00Z
S&P 500 Weekly Update: The 'Bull' Is Alive As Equities Break Out Of The Trading Range,"Financial and Industrials lead the way this week as the rally broadens. Economic data appears to have bottomed, the slow rebound has started. The Long Term Tech",2020-05-30T11:00:00Z
India unlikely to see #39;revenge shopping#39; when lockdown opens: Atul Bhole,Some of the agrochemical/ fertiliser companies may come out less impacted as they were categorised as essentials and the rural areas were also less impacted due to lock-down.,2020-05-30T02:31:56Z
14 Best Tech Stocks That Aren't on Your Radar,"Tech stocks have spent the past few years really separating themselves from the market pack. As technology has become more ingrained into every aspect of life - work, play and everything in between - the companies developing and providing those technologies h…",2020-05-29T20:32:21Z
"No Dividend Cuts, And Eight Dividend Increases In The COVID-19 Crisis",The pandemic is leaving a trail of dividend destruction. Strong dividend growth records are laid to rest. Not even the dividend aristocrats are safe. Dividend h,2020-05-29T19:59:17Z
"No Dividend Cuts, And Nine Dividend Increases In The COVID-19 Crisis",The pandemic is leaving a trail of dividend destruction. Strong dividend growth records are laid to rest. Not even the dividend aristocrats are safe. Dividend h,2020-05-29T19:59:17Z
"No Dividend Cuts, And 8 Dividend Increases In The COVID-19 Crisis",The pandemic is leaving a trail of dividend destruction. Strong dividend growth records are laid to rest. Not even the dividend aristocrats are safe. Dividend h,2020-05-29T19:59:17Z
Closed-End Funds: Eaton Vance's Option Funds,"Eaton Vance offers many respectable funds. Today, I wanted to give a broad overview of the option based funds we don't discuss very often. I also wanted to touc",2020-05-29T19:43:05Z
15 Smart Ways To Diversify Your Business' Cash Flow During A Crisis,"It’s important for every business to have a plan for diversifying cash flow, freeing up capital and tapping into other sources of income.",2020-05-29T17:15:00Z
Why the pandemic was a windfall for (some) dollar stores,"Sales and profit growth at Dollar General were explosive, as customers stocked up and stayed close to home during the pandemic.",2020-05-29T15:19:00Z
3 Top Stocks to Recession-Proof Your Portfolio,Defensive stocks don't have to be stodgy consumer companies.,2020-05-29T15:00:00Z
Defense Is Still A Viable Offense,"Canadian stocks have made an impressive recovery off the late March lows, leaving the market susceptible to a slower reopening and earnings recovery than is cur",2020-05-29T14:41:47Z
Q4 GDP numbers on expected lines but lockdown pain yet to be seen: Experts,"""The Q4 GDP data looks much better but there could have been some data problem given the lockdown started in last week of March,"" said Dharmakirti Joshi, Chief Economist at CRISIL.",2020-05-29T14:35:43Z
Director Compensation Practices in the Russell 3000 and S&P 500: 2020 Edition,"At its core, the director role is primarily one of stewardship rather than execution. While “pay for performance” has become a mantra for executive compensation in the last decade, the concept does not extend in the same way to director pay. Rather, director …",2020-05-29T12:46:10Z
Canopy Growth Reports Full Year and 4th Quarter Fiscal 2020 Financial Results; Provides Strategic Review Update,"Canopy Growth Corporation (""Canopy Growth"" or the ""Company"") (TSX: WEED) (NYSE: CGC) today announced its financial results for the fourth quarter and full twelve-month fiscal year ended March 31, 2020. The Company is also sharing details of its new strategic …",2020-05-29T11:00:00Z
Canopy Growth Reports Full Year and 4th Quarter Fiscal 2020 Financial Results; Provides Strategic Review Update,"Generated Net Revenue of $399 million in FY 2020, up 76% over FY 2019 In connection with previously announced organizational and strategic review, recorded impairment and restructuring charges of $743 million; the majority of which are non-cash charges Gross …",2020-05-29T11:00:00Z
BRP Inc (DOOO) Q1 2021 Earnings Call Transcript,"DOOO earnings call for the period ending April 30, 2020.",2020-05-29T10:30:40Z
"Global LED Lighting Markets, Forecast to 2027 - Asia-Pacific and Latin America are Anticipated to Emerge as the Fastest Growing Markets","DUBLIN, May 28, 2020 /PRNewswire/ -- The ""LED Lighting - Global Market Trajectory & Analytics"" report has been added to ResearchAndMarkets.com's offering. The global market for LED Lighting is projected to recover from the current COVID-19 pandemic to reach U…",2020-05-28T23:30:00Z
"Global LED Lighting Markets, Forecast to 2027 - Asia-Pacific and Latin America are Anticipated to Emerge as the Fastest Growing Markets","The ""LED Lighting - Global Market Trajectory & Analytics"" report has been added to ResearchAndMarkets.com's offering.",2020-05-28T23:30:00Z
"COVID-19: Retailers struggle amid uncertainties about reopening, recovery of sales","SINGAPORE: John Ng was hoping to use 2020 to get his new company StyleLab off the ground. He had taken over the distribution rights to fashion label G-Star RAW last July from Sidefame, where he was previously the director and general manager, and successfully…",2020-05-28T22:06:43Z
Dollar Tree's (DLTR) CEO Gary Philbin on Q1 2020 Results - Earnings Call Transcript,"Dollar Tree, Inc. (NASDAQ:DLTR) Q1 2020 Earnings Conference Call May 28, 2020 9:00 AM ET Company Participants Randy Guiler – Vice President, Investor Relations",2020-05-28T20:24:08Z
Dollar Tree Inc (DLTR) Q1 2020 Earnings Call Transcript,"DLTR earnings call for the period ending May 2, 2020.",2020-05-28T20:00:26Z
Canadian Imperial Bank of Commerce (CM) Q2 2020 Earnings Call Transcript,"CM earnings call for the period ending April 30, 2020.",2020-05-28T20:00:23Z
Canadian Imperial Bank of Commerce (CM) CEO Victor Dodig on Q2 2020 Results - Earnings Call Transcript,"Canadian Imperial Bank of Commerce (NYSE:CM) Q2 2020 Results Conference Call May 28, 2020 8:00 AM ET Company Participants Geoff Weiss - Senior Vice President, I",2020-05-28T19:54:05Z
Gov. Northam addresses Virginia with mask order taking effect on Friday,Governor Ralph Northam is set to address the commonwealth on Thursday for his latest COVID-19 briefing as Virginians prepare for his latest executive order to require wearing face coverings inside businesses as of Friday.,2020-05-28T18:28:18Z
"BRP (DOOO) CEO, José Boisjoli on Q1 2021 Results - Earnings Call Transcript","BRP Inc. (NASDAQ:DOOO) Q1 2021 Earnings Conference Call May 28, 2020 9:00 am ET Company Participants José Boisjoli - President, Chief Executive Officer Sébastie",2020-05-28T17:19:04Z
Coronavirus update: U.S. marks grim milestone as Trump preps executive order on social-media companies,"The U.S. death toll from the coronavirus that causes COVID-19 rose above 100,500 on Thursday, one day after it exceeded the 100,000 level, a grim marker for the nation with the highest number of cases and deaths in the world.",2020-05-28T15:29:06Z
"The Zacks Analyst Blog Highlights: BJ's Wholesale Club, Perdoceo Education, Take-Two Interactive Software, Duluth and Vista Outdoor","The Zacks Analyst Blog Highlights: BJ's Wholesale Club, Perdoceo Education, Take-Two Interactive Software, Duluth and Vista Outdoor",2020-05-28T15:19:03Z
How the 40 most attractive companies for business students are reopening after the coronavirus pandemic,"<ul>
<li>Since March, the coronavirus pandemic has forced millions of employees across the globe to work from home until further notice.</li>
<li>Now companies are starting to put together plans for returning to offices while continuing to prevent the spread …",2020-05-28T14:40:52Z
Is Capital One Financial Stock a Buy?,The bank has moved beyond credit cards and grown other segments to create a compelling story.,2020-05-28T13:46:22Z
Why ESG Is Outperforming The S&P 500,"Over the past year, the S&P 500 ESG Index exhibited returns nearly 3% above the benchmark S&P 500. The inability of exploration and production companies to curt",2020-05-28T11:35:52Z
Coronavirus Tightens Putin’s Economic Grip,(Bloomberg Opinion) -- Vladimir Putin has steadily expanded the Russian state’s involvement in an economy that’s increasingly dominated by large companies...,2020-05-28T07:15:21Z
"We see massive shifts in shopping behaviour, product distribution in 6 months: Marico","Government could have done more to spur direct consumption, says MD & CEO Saugata Gupta",2020-05-28T06:48:44Z
Why ESG is Outperforming the S&P 500,"Over the past year, the S&P 500 ESG Index exhibited returns nearly 3% above the benchmark S&P 500. This is...
The post Why ESG is Outperforming the S&P 500 appeared first on OpenMarkets.",2020-05-28T06:11:44Z
A $133 Billion Fund Says Australia Consumer Stocks Bottomed,"(Bloomberg) -- Australia’s ability to quash the coronavirus spread and begin easing restrictions means stocks catering to the needs of consumers have likely already hit their nadir, according to AMP Capital Investors Ltd.“They are getting some boost from the …",2020-05-28T03:05:45Z
"Coherent, Inc. (COHR) CEO Andy Mattes on Q2 2020 Results - Earnings Call Transcript","Coherent, Inc. (NASDAQ:COHR) Q2 2020 Results Conference Call May 27, 2020 04:30 PM ET Company Participants Bret DiMarco - EVP and General Counsel Andy Mattes -",2020-05-28T02:33:08Z
India is set to report a sharp slowdown as the pandemic hits its economy — and things could get even worse,"Growth momentum in South Asia's largest economy was already slowing down in previous quarters, before the coronavirus pandemic.",2020-05-28T01:59:00Z
Fidelity High Dividend ETF's High Exposure To Cyclical Sectors Will Drag Its Performance In The Current Recessionary Environment,"FDVV focuses on large-cap, high-yield dividend stocks. The fund has a high exposure to cyclical sectors and these sectors may underperform in a post-COVID-19 wo",2020-05-28T00:03:10Z
"The Rally Continues, Now Thanks To Small-Caps (Technically Speaking For 5/27)","The EU and Japan have announced major stimulus programs. While existing home sales have dropped sharply, new home sales are surprisingly resilient. The markets",2020-05-27T22:29:16Z
SPDR Portfolio S&P 500 Growth ETF's Exposure To Technology Stocks Is Advantageous,SPYG invests in large-cap growth stocks in the S&P 500 Index. The fund’s relatively lower exposure to cyclical sectors is advantageous as the impact of COVID-19,2020-05-27T21:12:13Z
Royal Bank of Canada (RY) Q2 2020 Earnings Call Transcript,"RY earnings call for the period ending March 30, 2020.",2020-05-27T21:00:39Z
How Much of the Bear Market Losses Have Been Recovered?,"The stock market recovery has erased most of the losses from the Corona bear market....
The post How Much of the Bear Market Losses Have Been Recovered? appeared first on A Wealth of Common Sense.",2020-05-27T20:40:50Z
Why Michaels Stock Popped Today,Shares of the crafts retailer rose on the market rotation into beaten down stocks. Next week's earnings report could provide a further lift.,2020-05-27T19:32:00Z
Royal Bank of Canada (RY) CEO David McKay on Q2 2020 Results - Earnings Call Transcript,"Call Start: 08:15 Call End: 09:23 Royal Bank of Canada (NYSE:RY) Q2 2020 Earnings Conference Call May 27, 2020 08:15 AM ET Company Participants Nadine Ahn - Sen",2020-05-27T19:27:06Z
ATS Automation Tooling Systems Inc. (ATSAF) CEO Andrew Hider on Fiscal Q4 2020 Results - Earnings Call Transcript,"ATS Automation Tooling Systems Inc. (OTCPK:ATSAF) Q4 2020 Earnings Conference Call May 27, 2020 10:00 AM ET Company Participants Stewart McCuaig - Vice Presiden",2020-05-27T18:38:03Z
Does the coronavirus outbreak change who's on top in the beauty space?,"Sephora and Ulta usually reign over the space, but temporary store closures have kept their doors shut and put growth plans on the back burner.",2020-05-27T15:06:00Z
10-15% moderation in salaries not to impact lending practice: HDFC Bank,"A pent-up demand for vehicles and social distancing needs, coupled with the introduction of digital inputs to manage customer journey by banks will lead to a faster uptick in auto sales, which were sagging before the lockdown and came to a standstill in the l…",2020-05-27T14:40:05Z
"Omnicom Group Is Positioned To Thrive, Not Just Survive",I suggest investors look past the current economic downturn and set their sights on the opportunity that awaits this best-in-class business when the economy recovers.,2020-05-27T13:29:27Z
Consumer sector seen degrowing by 2-4% this fiscal,"""The disruption in demand, production and supply chain caused by the extended nationwide lockdown to contain the COVID-19 pandemic will knock back revenue growth by 2-4 per cent for the consumer essentials sector, and 16-30 per cent across discretionary manuf…",2020-05-27T12:42:08Z
US Consumer Confidence Rises as Economy Reopens: 5 Solid Buys,"Federal aid, extra jobless benefits, contributions to salaries paid by small businesses, a low interest rate environment and gradual reopening of the economy lifted consumers' spirits.",2020-05-27T09:45:09Z
S’pore heads towards worst-ever recession since independence; GDP expected to shrink by 7% to 4% on COVID-19 impact,"Singapore is sliding into its worst-ever recession in the wake of the coronavirus pandemic, with the gross domestic product (GDP) projected to shrink between 7 per cent and 4 per cent this year. On Tuesday (26 May), the Ministry of Trade and Industry (MTI) fo…",2020-05-27T04:45:02Z
National Bank of Canada (NTIOF) CEO Louis Vachon on Q2 2020 Results - Earnings Call Transcript,"National Bank of Canada (OTCPK:NTIOF) Q2 2020 Results Conference Call May 26, 2020 5:30 PM ET Company Participants Linda Boulanger - VP, IR Louis Vachon - Presi",2020-05-27T04:19:04Z
"Tech, health care and energy: Investing experts share where they're placing their bets",The economic fallout of the coronavirus pandemic has got many of us looking for new ways to make the most of our money. Here's where investment experts are seeing opportunities.,2020-05-27T03:30:00Z
"TSX gets lift from financials, U.S. markets rise to highest levels since March","TORONTO — Canada's main stock index got a lift from the heavyweight financials sector, while U.S. markets surged to their highest levels in more than two months on improving sentiment from economic reopenings.That prompted a rotation by investors on Tuesday t…",2020-05-26T21:12:16Z
"Gov. Northam addressing Virginia, expected to issue an order for masks in some places",Governor Ralph Northam is set to address the commonwealth on Monday for his latest COVID-19 briefing as Virginia approaches the two-week minimum time period he set for Phase 1.,2020-05-26T18:25:40Z
"Why Shares of Red Rock Resorts, Park Hotels, and Six Flags All Jumped Tuesday Morning","Although all in different businesses, these companies and their consumer-discretionary peers share one thing in common, other than big price gains.",2020-05-26T16:35:00Z
Edited Transcript of BCE.TO earnings conference call or presentation 7-May-20 12:00pm GMT,Q1 2020 BCE Inc Earnings Call,2020-05-26T13:04:14Z
The Great Inflation/Deflation Debate: What's An ETF Investor To Do? (Podcast Transcript),"With the Fed's balance sheet expanding at an unprecedented rate, inflation concerns have made a comeback among some market watchers on both Wall Street and Main",2020-05-26T12:30:59Z
Latest spending data could drive the ASX retail sector higher,"The latest credit and debit card usage data is giving investors a new reason to feel bullish on the ASX retail sector.
The post Latest spending data could drive the ASX retail sector higher appeared first on Motley Fool Australia.",2020-05-26T06:04:43Z
SGX Nifty trades 90 points higher; here's what changed for market while you were sleeping,"Nifty futures on the Singapore Exchange traded 93 points, or 1.03 per cent higher at 9,134 in signs that Dalal Street was headed for a positive start on Tuesday.",2020-05-26T02:59:40Z
"New lending opportunities, faster credit delivery may emerge post covid-19","In the near term, financiers will relook at their business models and collections",2020-05-25T19:47:58Z
‘Utilities will be a better bet than consumption stocks post covid-19’,"Markets can misprice a business, but over time, just like water finds its own level, so do valuations, says Prashant Jain, executive director and CIO of HDFC Mutual Fund",2020-05-25T18:01:42Z
Post pandemic: Per capita office space allocations may increase to adhere with social distancing norms,"Post Covid-19 the per capita office space allocations is likely to increase despite a segment of employees are to work from home.“In office real estate, social distancing norms may increase the per ca",2020-05-25T14:31:23Z
Jefferies breaks down the top 22 stocks it thinks you should buy right now — including 6 fast-risers that just captured its attention,"<ul>
<li>Jefferies names its 22 top US stock picks, according to the conviction and buy ratings assigned by their analysts. The firm out the investment thesis for each one.</li>
<li>Their choices are about evenly split between companies that are already outpe…",2020-05-25T12:05:00Z
Can TJX Companies Succeed During COVID-19?,Customers are back at the off-price chain? Will they stick around?,2020-05-24T14:08:00Z
"#39;Focus more on essential goods services companies, realty demand unlikely to revive soon#39;","Real estate sector is suffering from its own issues of high leverage, increasing inventory levels, extreme demand weakness, high compliance etc.",2020-05-24T07:49:17Z
Edited Transcript of ELUX B.ST earnings conference call or presentation 7-May-20 7:00am GMT,Q1 2020 Electrolux AB Earnings Call,2020-05-24T04:59:28Z
Edited Transcript of LNZ.VA earnings conference call or presentation 6-May-20 7:00am GMT,Q1 2020 Lenzing AG Earnings Call,2020-05-24T04:09:05Z
Signs Of V-Shaped Housing Recovery,"U.S. equity markets surged this week, buoyed by positive vaccine data and on renewed hopes of a V-shaped economic recovery as countries around the world begin the reopening process.The S&P 500 ended the week higher by 3.1%, closing nearly 35% above its lows i…",2020-05-23T14:00:00Z
Signs Of V-Shaped Housing Recovery,"U.S. equity markets surged this week, buoyed by positive vaccine data and on renewed hopes of a V-shaped economic recovery as countries around the world begin the reopening process.The S&P 500 ended the week higher by 3.1%, closing nearly 35% above its lows i…",2020-05-23T14:00:00Z
Coronavirus Beaten Down Stocks/Funds Series - iShares MSCI Germany ETF,"The iShares MSCI Germany ETF has recently bounced up slightly but is still back at the 2012 level. The fund is down 36% from a 2017 peak and 23% YTD.Germany is the powerhouse of Europe, the world's 4th largest economy, and the world's 3rd larger exporter and …",2020-05-23T12:02:53Z
#39;Indiaâs FMCG sector is on a road to transformation#39;,"Consumers seem to be putting off purchases because of low liquidity in the market. Outlook for the sector, in my opinion, remains muted and moderate.",2020-05-23T07:03:05Z
WisdomTree U.S. MidCap Dividend ETF Has A High Exposure To Cyclical Sectors,"DON invests in mid-cap dividend stocks in the United States.The fund has a high exposure to cyclical sectors, and this may cause it to continue to underperform in the current recessionary environment.DON has an inferior growth profile than its large-cap peer …",2020-05-23T00:41:14Z
Alibaba Group Holding Limited (BABA) Q1 2020 Earnings Call Transcript,"BABA earnings call for the period ending March 31, 2020.",2020-05-22T22:30:38Z
Covid 19 coronavirus: Where it all went wrong for retail icon Target,"Once upon a time, Target was one of Australia's favourite discount department stores and Kmart its poor cousin – but today, those roles have drastically reversed.Kmart has had a stunning change of fortune and emerged as one of our...",2020-05-22T20:49:25Z
Alibaba Group Holding Limited (BABA) CEO Daniel Zhang on Q4 2020 Results - Earnings Call Transcript,,2020-05-22T20:25:47Z
Alibaba Group Holding Limited (BABA) CEO Daniel Zhang on Q4 2020 Results - Earnings Call Transcript,,2020-05-22T20:25:47Z
Why Australia's Target stores had to close,After existing on the Australian retail landscape together for decades Kmart now trumps Target as the most profitable discount department store. There are two reasons why.,2020-05-22T20:08:35Z
Gov. Northam set to address Virginia as Memorial Day weekend begins,Governor Ralph Northam is set to address the commonwealth on Friday for his latest COVID-19 briefing as Virginia enters Memorial Day weekend in Phase 1.,2020-05-22T18:17:44Z
A V-Shaped Recovery? Fuggedaboutit,There is still some debate as to what kind of economic recovery we might see after experiencing Depression-like economic numbers.There is still some support for a V-shaped recovery but that is perhaps more than a pipe dream.It's not hard to read the tea leave…,2020-05-22T14:05:23Z
Restaurants to steer towards delivery & takeaway model impacted by long road to recovery post lockdown,"The restaurant sector, estimated to be a Rs 4 lakh crore industry, was at a standstill for two months following the nationwide lockdown starting March 25. Malls and restaurants were among the first casualties of the country’s phase-wise lockdown.",2020-05-22T13:50:41Z
'Financials to be under pressure for next two qtrs',‘Market leadership will change over the next 12 months’,2020-05-22T13:04:59Z
The Target stores closing down and converting to Kmart across Australia are revealed,Parent company Wesfarmers announced on Friday that 75 Target stores across Australia would close and 92 others would be transformed into Kmarts.,2020-05-22T12:22:34Z
Burberry axes dividend for shareholders and warns of 'severe' hit,"Marco Gobbetti, the boss of the luxury clothing retailer, said it would take his business 'time to heal' from the pandemic fallout.",2020-05-22T10:38:44Z
Will it work?,Is the government's stimulus package the antidote the Indian economy needed to recover from its pandemic seizure? The Board of India Today Experts (BITE) weighs in.,2020-05-22T10:21:03Z
An Economist Who Called the 2008 Crash Says We’re In for a Long Depression,"Nouriel Roubini predicted the 2008 crash. Now, he’s warning that the America is hurtling toward food riots — and then a decade-spanning depression.",2020-05-22T10:00:01Z
Digital Marketing in 2020 – Possibilities and Opportunities,"It looks like 2020 is going to be a watershed year in many ways. The pandemic, COVID-19, has disrupted life as we know it, and the road back to normal is going to be a long one. For companies reaching out to consumers, there are challenges as well as opportun…",2020-05-22T07:45:13Z
"Impact of COVID-19, Implications for SADC","[Zimbabwe Independent] This is an abridged version of a special report titled Impact of Covid-19 Pandemic on Sadc Economy (Volume 1 April 2020) by the bloc's Macro-economic Subcommittee which was tasked to ""monitor the impact of the Covid-19 on the Sadc econo…",2020-05-22T07:42:26Z
"In Virus Crisis, Drug And Consumer Stocks Soar In India",The stockpiling of medicine in a country of 1.3 billion people and the rising focus on affordable health care globally will boost the shares of the nations pharmaceutical companies.,2020-05-22T06:55:17Z
Endava plc (DAVA) Q3 2020 Earnings Call Transcript,"DAVA earnings call for the period ending March 31, 2020.",2020-05-22T02:31:01Z
13 Dividend Stocks That Have Paid Investors for 100+ Years,"When it comes to investing in dividend stocks, it's patience that results in the real payday for shareholders.The most obvious measure of a company's income potential, its dividend yield, is calculated on an annualized basis using 12 months of distributions. …",2020-05-21T20:03:52Z
3 Reliable Restaurant Stocks to Buy for Reopening Returns,"On May 18, President Trump met with several leaders and executives from the restaurant industry. By now, we're all familiar with how a wide range of businesses have suffered as a result of the Covid-19 outbreak and ensuing lockdown. And so, in the recent meet…",2020-05-21T19:49:33Z
Endava plc (DAVA) CEO John Cotterell on Q3 2020 Results - Earnings Call Transcript,,2020-05-21T18:23:06Z
Ind-Ra expects beginning of new NPA cycle in banking sector,"Our BureauThe banking sector may see the beginning of a new non-performing asset (NPA) cycle, with the pandemic likely to drive banks’ total slippages of up to ₹5.5-lakh crore in FY21, cautioned credi",2020-05-21T14:26:41Z
Fare capping not going to help viability of aviation industry: CAPA,"‘If we put a fare cap, I do not know if it is feasible from a consumer standpoint even.’",2020-05-21T11:53:37Z
"Sensex rises 114 points on hopes of economic recovery; Nifty tops 9,100",Airline stocks soared as India said it will open up domestic air travel from May 25.,2020-05-21T10:56:24Z
ASX retail stocks facing new billion-dollar earnings risks during COVID-19 recovery,"The re-rating of the ASX consumer discretionary sector is under threat from a new risk that could punch a big hole in their bottom line.
The post ASX retail stocks facing new billion-dollar earnings risks during COVID-19 recovery appeared first on Motley Fool…",2020-05-21T06:36:27Z
"As physical doors close, new digital doors swing open",The penetration of online commerce is lower in Australia than in the United States or Europe. But the lockdown is closing the gap.,2020-05-21T00:00:00Z
"As physical doors close, new digital doors swing open",The penetration of online commerce is lower in Australia than in the United States or Europe. But the lockdown is closing the gap.,2020-05-21T00:00:00Z
Edited Transcript of HEXAWARE.NSE earnings conference call or presentation 29-Apr-20 12:30pm GMT,Q1 2020 Hexaware Technologies Ltd Earnings Call,2020-05-20T21:53:57Z
Edited Transcript of TRI.TO earnings conference call or presentation 5-May-20 12:30pm GMT,Q1 2020 Thomson Reuters Corp Earnings Call,2020-05-20T21:48:44Z
Analog Devices Inc (ADI) Q2 2020 Earnings Call Transcript,"ADI earnings call for the period ending March 31, 2020.",2020-05-20T20:00:26Z
"Analog Devices, Inc. (ADI) CEO Vincent Roche on Q2 2020 Results - Earnings Call Transcript",,2020-05-20T19:09:04Z
Coronavirus (COVID-19) Federal Student Loan Forbearance: What You Need To Know,The CARES Act provides student loan relief in response to the coronavirus (COVID-19) pandemic. Here's what you need to know.,2020-05-20T18:34:20Z
"With Memorial Day weekend approaching, Gov. Northam addresses Virginia","Governor Ralph Northam is set to address the commonwealth on Wednesday for his latest COVID-19 briefing as Virginia continues along Phase 1 of his 'Forward Virginia' plan for reopening, with Memorial Day weekend approaching.",2020-05-20T18:14:25Z
Full Text of U.S. Federal Reserve April Meeting Minutes,"(Bloomberg) -- (Bloomberg) -- Following are the minutes of the Federal Reserve‘s Open Market Committee meeting on April 29 :A joint meeting of the Federal Open Market Committee and the Board of Governors was held by conference call on Tuesday, April 28, 2020,…",2020-05-20T18:04:41Z
Opinion | Firms track key shifts in consumption habits in a post-pandemic world,Trading down is already obvious for companies in personal care and packaged food segments,2020-05-20T17:55:16Z
Thor Industries: Americans Will Hit The Road In Style This Summer,"Reduced debt by over $500 million.Increased gross margin by over 1.8%.Starting subsidiary, Hymer USA, to sell European-styled RV in the USA.",2020-05-20T14:52:05Z
3 Dividend Stocks to Buy on Sale,Scoop up these high-yield stocks while they're still cheap.,2020-05-20T11:49:00Z
We are deriving far more value by being together than being separate: ITC,‘The largest stimulus that can happen is actually getting back to work.’,2020-05-20T11:41:52Z
"Retail Stock Q1 Earnings Roster for May 21: BBY, ROST & TJX","Retail stocks' results are expected to reflect soft demand for non-essentials and discretionary items, offset by the increased stock-piling trend of essential goods, medicines and food in March.",2020-05-20T09:27:09Z
L&T Infotech net up 12.9% in Q4,"Net profit for FY20 flat at ₹1,520.5 crore",2020-05-20T06:58:34Z
These are the latest ASX shares to be downgraded by top brokers,"The air of optimism that's lifing the ASX 200 toay hasn’t stopped brokers from downgrading their recommendations on a handful of ASX stocks.
The post These are the latest ASX shares to be downgraded by top brokers appeared first on Motley Fool Australia.",2020-05-20T06:18:57Z
"Australian retailers just had their worst ever month, with the 'unprecedented' fallout far from over","Australian retail sales suffered their biggest monthly fall on record, dropping 17.9% in April. It came as the supermarket splurge seen in March fell by the wayside, and spending on clothes, footwear, cafes and restaurants halved on last year's levels.
More »",2020-05-20T04:07:23Z
The Long Road Back for Retail,"Updates from Walmart, Kohl’s, Gap and Urban Outfitters show just how far fashion still has to go to come back from the COVID-19 crisis.",2020-05-20T04:01:30Z
Best & Worst Sector ETFs Of The Year,Sector returns range from as much as -34% to +5% for the year.,2020-05-20T04:00:00Z
Weibo Corporation (WB) Q1 2020 Earnings Call Transcript,"WB earnings call for the period ending March 31, 2020.",2020-05-19T22:30:25Z
Growth at all costs mindset has changed now: Harshil Mathur,"Covid-19 will spur digitization that even demonetization couldn’t, since the impact there was only for three months or so",2020-05-19T17:24:48Z
Global dividends could fall by as much as 35% this year,Global dividends are set to fall at least 15 per cent this year as the coronavirus pandemic rocks company profits. However new research has revealed the decline could be as bad as 35 per cent.,2020-05-19T15:58:01Z
"Why Kohl's, Gap, Macy's, and Other Department Store Stocks Are Down Today","Kohl's reported earnings, and they weren't good.",2020-05-19T15:54:00Z
These U.S. Companies Are Extremely Undervalued - Part 1,"Normally I focus on only the highest-quality undervalued stocks on the market - in this article, I revisit the concept of the most undervalued stocks on the market.All of the stocks mentioned are still qualitative with decent to excellent safeties and, like a…",2020-05-19T14:50:00Z
Homebuilding Industry Preparing For A Strong Post-Virus Upswing: Opportunities And New Strategies,"Homebuilding companies are seeing stronger sales paces, but there are differences among the various types of buyers.  Builders are adopting new strategies in this economic environment.",2020-05-19T14:18:18Z
Coronavirus Outbreak: Pandemic to inflict Rs 1 lakh cr loss on realty sector in FY21; long-term outlook may emerge positive: KPMG,"The short-term impact in coming 6 to 12 months may be a dampener for realty sector's recovery, forcing sector entities to contract operations, revisit planned developments, expansions, and investments across the sector.
The post Coronavirus Outbreak: Pandemic…",2020-05-19T13:21:07Z
Straight From PIMCO: The Impact Of TALF On Structured Credit,"This program was initially rolled out in March, focusing primarily on Consumer ABS.3-year AAA ABS are roughly 100 bps+ tighter from the wides, but remain 50-100 wider from pre-COVID-19 levels.Non-TALF eligible assets are underperforming relative to TALF eligi…",2020-05-19T09:04:49Z
Out Of A Job Due To COVID-19? Here Is What To Do Next,Lost your job to COVID-19? You’re so not alone. If you need help deciding what to do next and where to find relief during this difficult time then keep reading.Lost your job to COVID-19? You’re so not alone. If you need help deciding what to do next and where…,2020-05-19T07:06:11Z
Macquarie picks the best stocks to buy for the post COVID-19 rebound,"There's growing confidence that the ASX 200 has passed peak-pain. These are the best stocks to hold for the expected market recovery.
The post Macquarie picks the best stocks to buy for the post COVID-19 rebound appeared first on Motley Fool Australia.",2020-05-19T06:12:16Z
Adapting to Renewed Expectations - CEO and Author Joe Jackman Speaks to the Food and Beverage Sector (TrendHunter.com),"(TrendHunter.com) The COVID-19 pandemic has impacted businesses across all industries in recent weeks, and the food and beverage sector has been hit especially hard. With physical distancing measures expected to...",2020-05-19T01:50:03Z
Sea Limited (SE) CEO Forrest Li on Q1 2020 Results - Earnings Call Transcript,,2020-05-19T01:25:10Z
Here are Monday’s best stock-market performers as airlines and cruise lines shine,Only one Dow Jones Industrial Average component declined.,2020-05-18T21:01:50Z
International Game Technology PLC (IGT) CEO Marco Sala on Q1 2020 Results - Earnings Call Transcript,,2020-05-18T19:27:04Z
International Game Technology PLC (IGT) Q1 2020 Earnings Call Transcript,"IGT earnings call for the period ending March 31, 2020.",2020-05-18T18:30:52Z
Sea Limited (SE) Q1 2020 Earnings Call Transcript,"SE earnings call for the period ending March 31, 2020.",2020-05-18T18:30:49Z
The Disparity Between The Economy And The Market Makes More Sense Than It Feels,"The COVID-19 pandemic has caused what many describe as the worst economic downturn since the Great Depression.Despite the economic massacre, the markets rebounded incredibly quickly from their lowest point on March 23rd.The reason lies in the nature of the cr…",2020-05-18T17:04:58Z
The Lack of Women in Cybersecurity Leaves the Online World at Greater Risk - Governing,"As governments struggle to adapt to the election challenges surrounding COVID-19, a number of states have launched Internet voting pilots. But many experts argue that these programs could easily be co-opted by malicious actors.

Even though numerous consumer …",2020-05-18T16:43:00Z
Thor Industries: Where Are We After Corona?,"Following the coronavirus crisis, Thor experienced quite a dip only to quickly recover and now trade back around the levels when I last wrote my article.If you followed my strategy - you did like me and bought Thor Industries cheap. I didn't buy much (there w…",2020-05-18T14:04:30Z
"Pharma, IT & telcos to weather Covid storm: Shah",‘Expect market to bounce back if economy recovers in FY22’,2020-05-18T13:07:45Z
COVID-19 impact | Jewellery fabricators to slowly reopen but the damage has been severe,"The impact on overall fine gold consumption has been acute with there being almost no real demand for fresh gold from this segment. Asia dominates this sector, at over 75 percent of global fabrication, and it is these markets in particular in that have been s…",2020-05-18T10:06:33Z
"XRT: Retail Has Been Providing Alpha, Time To Take Some Profits","XRT has delivered a return over 20% since I recommended it in March, handily beating the S&P 500.I think now is a good time to take some profits, as retail sales in April were quite poor, and consumer sentiment has taken a big hit.XRT's e-commerce holdings co…",2020-05-18T03:59:32Z
"RPT-GRAPHIC-Take Five: ZIRP to NIRP, a jump policymakers must consider","1/SUB-ZERO
Love them or loathe them, negative interest rates are back in
the spotlight as ammunition-depleted central banks debate the
pros and cons of going down the unorthodox route already trodden
by the BOJ and ECB.",2020-05-18T02:00:00Z
"Sell In May Is Working, Widespread Weakness Shows The Bears Regaining Control","The stock market has lost momentum in May, with renewed levels of volatility.
        We present a list of the 50-worst performing S&P 500 stocks this month with an analysis on trends by sector.
        The realization that the economy will remain weak throug…",2020-05-17T23:46:47Z
2 Safe High-Yield Blue Chips Retirees Can Trust,"Dividend safety is on the minds of all income investors during the worst recession in 75 years. Goldman expects the S&P 500 to cut dividends about 25% this year.
        The DK Phoenix watchlist consists of some of the highest quality companies on earth, with…",2020-05-17T18:58:16Z
Weekly Commentary: Global Bubbles Are Deflating,"A bubble is a self-reinforcing but inevitably unsustainable inflation.To disregard that the world was late in a historic bubble period prior to COVID leaves analysts disadvantaged.Whether in the markets, real economies, politics or geopolitics, bubble dynamic…",2020-05-17T16:39:16Z
Executive and Director Compensation Reductions in the COVID-19 Era: An Ongoing Review of Russell 3000 Disclosures,"As many businesses discharge, furlough, or drastically reduce pay to large shares of their workforces, some compensation committees are announcing their decision to cut base salaries and annual bonuses for C-suite executives as well as board cash retainers. T…",2020-05-17T13:52:51Z
What's Next For China After COVID-19,"Our outlook for the Chinese economy remains modestly constructive, with the path back to normalcy continuing, and more stimulus in the pipeline.In the shorter term, weak external demand (the global economy is either in final stages of lockdown, or very early …",2020-05-17T13:47:08Z
"Earnings Watch: Alibaba, Walmart and Target are about to show retailers’ view of the pandemic","U.S. retail companies will be eagerly watching Alibaba Group Holding Ltd.’s Friday morning report, when the Chinese e-commerce giant will show what it was like to operate in the heart of the COVID-19 outbreak and emerge on the other side.",2020-05-17T13:00:08Z
Berkshire Hathaway: The Perfect Storm,"Berkshire Hathaway has fallen out of favor in the last few months.Despite some mistakes, the company is well-positioned to beat the market in the next decade.Inflation, higher interest rates, and a big investment in solar energy will be the key to the company…",2020-05-16T12:02:14Z
What you sell during Covid-19 may impact your GST,"What you sell during Covid-19 may impact your GSTTax considerations resulting in cost saving measures, credit optimisation etc would fall under the new ‘must haves’ category vis-a-vis routine compliance and filings matters, which may not warrant any significa…",2020-05-16T05:28:28Z
S&P 500 Weekly Update: The Market Gets A Reality Check,"The message hasn't changed much. Stay flexible and BALANCED, the market environment remains very difficult with no clear direction.Companies that can thrive in a COVID economy will continue to do well.It’s very simple; We either open the economy NOW and learn…",2020-05-16T04:36:28Z
These 4 stocks could benefit from asset allocation shift in households post COVID-19 world,"Key risk to the thesis is the protracted income loss to household savings, ICICI Securities said.",2020-05-16T03:00:17Z
