"Stocks end strong, overcoming sharp midday swings","Wall Street ends the session with solid gains Tuesday. The S&P 500 notches a gain of 1.9%, the Dow ends up 2% and the Nasdaq Composite rises 1.75%.Stocks wer",2020-06-16T20:13:15Z
Dow Jones Soars 600 Points As Stocks Rally On Retail Sales; $1 Tril Stimulus Ahead? - Investor's Business Daily,"<ol><li>Dow Jones Soars 600 Points As Stocks Rally On Retail Sales; $1 Tril Stimulus Ahead?  Investor's Business Daily
</li><li>Stocks gain in volatile trading as investors cheer record retail sales comeback, Dow up 600 points  CNBC
</li><li>Stock futures s…",2020-06-16T17:33:37Z
Understanding What Asset Allocation Really Means,"Many investors see the word ""balance"" and assume that asset allocation automatically leads to diversification. That could be true, but not always.",2020-06-16T12:30:00Z
"Futures Soar On Stimulus Hopes, Fed Bond Buying, Ignore Geopolitical Clashes","Futures Soar On Stimulus Hopes, Fed Bond Buying, Ignore Geopolitical Clashes

 Tyler Durden
 
Tue, 06/16/2020 - 08:11

 After Monday's dramatic intraday reversal which saw the S&P500 surge more than 100 points from session lows and closing above its 200-day m…",2020-06-16T12:11:13Z
Top-Ranked Beaten Down ETFs to Buy Now,"Given the sharp decline in the stock market last week, investors should take advantage of the beaten-down prices.",2020-06-15T15:10:03Z
Roper Technologies Stock -- the Berkshire Hathaway of the Industrial Sector,The industrial company operates an unusual but highly successful business model that has elements in common with Warren Buffett's strategy.,2020-06-15T12:42:47Z
Recovery Stocks On The Launching Pad,"The Dow Industrials (INDU) have completed a 10% correction from peak to trough (2,500 pts) in just 4 days. Today the index successfully tested yesterday's close",2020-06-15T12:14:04Z
"""Just A Huge Bear Market Rally?"" Stocks Tumble On Fears Of Second Virus Wave","""Just A Huge Bear Market Rally?"" Stocks Tumble On Fears Of Second Virus Wave

 Tyler Durden
 
Mon, 06/15/2020 - 08:03

 In a continuation of the selloff that started overnight, US equity futures and world stocks are plunging on Monday on signs that a second w…",2020-06-15T12:03:44Z
"3 REITs That Could Cut Their Dividends, And We're Still Buying","In this article, I plan to provide a detailed analysis of these three REITs in order to determine the probability of a dividend cut. I own all three REITs and I",2020-06-15T11:00:00Z
Crude Oil Prices Sink with Stocks Amid Global Recession Fears,Crude oil prices fell alongside stocks and other cyclical assets at the start of the trading week in what appeared like the return of global recession fears.,2020-06-15T05:00:00Z
Low Risk Fund Portfolios In A High Risk Environment,"With the uncertainty of the economy and markets, investors should remain conservative. Mutual Fund Observer is used to update Top Fund and Category Performance.",2020-06-14T22:53:47Z
U.S. IPO Weekly Recap: Vroom Soars In Another 8-IPO Week,"Eight IPOs and one SPAC entered the public markets this past week led by Vroom, which popped 118% in the best first day for a tech IPO since 2018. Every IPO thi",2020-06-14T10:35:28Z
Weighing The Week(s) Ahead: Can Investors Depend On The Rebound Trend?,"The normal economic calendar has some useful reports, but it will not be the focus for analysts. Everyone with media exposure confidently explains what just hap",2020-06-14T04:48:35Z
Edited Transcript of WAB earnings conference call or presentation 4-May-20 2:00pm GMT,Q1 2020 Westinghouse Air Brake Technologies Corp Earnings Call,2020-06-13T02:32:36Z
Edited Transcript of SEE earnings conference call or presentation 5-May-20 2:00pm GMT,Q1 2020 Sealed Air Corp Earnings Call,2020-06-13T02:22:36Z
Stocks bounce but close the week with losses,"Stocks closed higher in a choppy session where the Dow Jones index swung nearly 900 points from gains to losses and back to gains again: Dow +1.9%, S&P 500 +",2020-06-12T20:35:12Z
The Top Stocks To Buy On A Crash,Growing volatility creates opportunities in the best stocks and sectors. Healthcare and technology remain top sectors to buy. Here are the best stocks to buy in,2020-06-12T18:36:19Z
Dow Jones Rebound Fades After Biggest Loss In Stock Market Since Mid-March - Investor's Business Daily,"<ol><li>Dow Jones Rebound Fades After Biggest Loss In Stock Market Since Mid-March  Investor's Business Daily
</li><li>Dow rises 200 points, but Wall Street still on pace for its biggest weekly loss in 3 months  CNBC
</li><li>Wall Street plunges to close wi…",2020-06-12T18:17:34Z
French Textile Sector Finds Silver Lining in COVID-19 Crisis,"After mobilizing to produce masks, the French textile industry stands to gain a second life based on local production and sustainability.",2020-06-12T16:22:22Z
French Textile Sector Finds Silver Lining in COVID-19 Crisis,"After mobilizing to produce masks, the French textile industry stands to gain a second life based on local production and sustainability.",2020-06-12T16:22:22Z
"CWS Market Review – June 12, 2020",”We’re not even thinking about thinking about raising rates.” – Fed Chairman Jerome Powell Last week’s issue of CWS Market Review was unusually prophetic. I […],2020-06-12T11:08:27Z
Deep Dive: These U.S. stocks paced the market’s brutal decline Thursday,Many of the troubled companies that had been leading the recovery got crushedMany of the troubled companies that had been leading the recovery got crushed.,2020-06-11T21:06:47Z
COVID Caution: New Surge Of Cases In Reopened States Sparks Worst Selloff Since March,"Cautious mood continues with Financials getting hit hard today mostly because of low interest rates and dovish comments from the Fed. The Energy sector led all sectors lower, falling nearly 9.5%.",2020-06-11T20:44:17Z
Hedge Funds' 25 Top Blue-Chip Stocks to Buy Now,"2020 has been a wild year for everyone: even blue-chip stocks and the ""smart money"" investors that hold them.Hedge funds ended 2019 with a record $3.32 trillion in assets under management (AUM). However, in 2020, volatility and a stock market led by only a na…",2020-06-11T17:40:09Z
Short And Sharp: Reflation Rotation,A meaningful improvement in the economic and earnings outlook could take time to develop given the deep hit to the economy in recent months. Just as value outpe,2020-06-11T11:08:50Z
Short And Sharp: Reflation Rotation,A meaningful improvement in the economic and earnings outlook could take time to develop given the deep hit to the economy in recent months. Just as value outpe,2020-06-11T11:08:50Z
"TSX drops 590 points, Dow down over 1500 on fears of new virus wave, Fed's cautious outlook - The Globe and Mail","<ol><li>TSX drops 590 points, Dow down over 1500 on fears of new virus wave, Fed's cautious outlook  The Globe and Mail
</li><li>S&P/TSX composite plunges, while U.S. stocks also sink; Loonie steps lower  Yahoo Canada Finance
</li><li>Why I Just Sold 20% of…",2020-06-11T08:55:50Z
Korian: An Undervalued Long-Term Story,The long-term care industry is poised to grow for decades and is protected by significant barriers to entry. Unfounded fears resulting from the market sell-off,2020-06-10T21:37:44Z
Honeywell International Inc. (HON) CEO Dr. Rajeev Gautam Presents at Deutsche Bank Global Industrials and Materials Summit (Transcript),"Honeywell International Inc. (NYSE:HON) Deutsche Bank Global Industrials and Materials Summit June 09, 2020 11:00 AM ET Company Participants Dr. Rajeev Gautam -",2020-06-10T20:10:48Z
How Industrial Stocks Price in “The Great Recovery”,"The market reaction to the global pandemic changes by the day. More than three months into this crisis, the world beginning to open back up driving market expectations for a recovery, and resulting in changes in the current street estimates.",2020-06-10T18:22:17Z
"Top Analyst Upgrades and Downgrades: Apple, Boeing, Chevron, Chewy, Cisco, Cree, eBay, Etsy, GameStop, Groupon, Micron, United Airlines, Yext and More","Wednesday's top analyst upgrades and downgrades Apple, Boeing, Chevron, Chewy, Cisco Systems, Cree, eBay, Etsy, GameStop, Groupon, Micron Technology, United Airlines and Yext.",2020-06-10T13:09:33Z
"Oil and gas production ETF paces for best quarter on record, but traders say it's still a 'show-me story'","""I would be very, very cautious right now,"" Chantico Global founder and CEO Gina Sanchez says of the surge in oil and gas stocks.",2020-06-10T11:22:32Z
The OECD warns a second virus wave is as likely as not — here’s what that would do to the economic recovery,The Paris-based economics group says it is just as likely a second wave will ravage the global economy as not.,2020-06-10T10:35:00Z
"HD Supply Holdings, Inc. (HDS) CEO Joe DeAngelo on Q1 2020 Results - Earnings Call Transcript","HD Supply Holdings, Inc. (NASDAQ:HDS) Q1 2020 Earnings Conference Call June 9, 2020 08:00 ET Company Participants Charlotte McLaughlin - Investor Relations Joe",2020-06-10T01:23:05Z
Snap-On: More Upside Thanks To A Weaker Dollar,"Snap-on's first quarter saw the first earnings decline since the Great Financial Crisis as COVID-19 crushed organic growth. Nonetheless, the company has strong",2020-06-09T18:21:32Z
Diversifying Away From China: The Long Case For Vietnam (Podcast Transcript),"With the U.S.-China trade war showing no sign of abating and ongoing COVID-19 imposed shutdowns, the need to diversify global supply chains has never been more",2020-06-09T16:32:25Z
Ted Malloch: The Shape of Things to Come,"Guest post by Ted Malloch All the pundits, forecasters and famous economists – the likes of NY Times columnist, Paul Krugman – said it was impossible. Of course, they wanted the recession to turn into a full-blown depression and cost Trump the election. They …",2020-06-09T13:34:59Z
Caveat Emptor: The 3 Most Dangerous REIT Property Sectors,"REIT investors always should consider the various property sectors in which they’re deploying capital. While certain sectors are recovering faster than others,",2020-06-09T11:00:00Z
"ASX 200 Index breaks a 61.8% fibo, taking a leaf out of Wall Street","Property and industrials have been performing well as well this session, up 4.2 and 3.79 per cent respectively while the health sector index took a kn",2020-06-09T02:04:34Z
Most actively traded companies on the TSX,TORONTO - Some of the most active companies traded Monday on the Toronto Stock Exchange:,2020-06-08T21:24:35Z
Editorial: Retirement of GH¢2.6bn ECG legacy debt deserves commendation,"A couple of days ago, we used this column to express our disgust about the lack of street lights on most of...
The post Editorial: Retirement of GH¢2.6bn ECG legacy debt deserves commendation appeared first on The Chronicle Online.",2020-06-08T19:13:37Z
Why Shares of Boeing Are Rallying Today,Wall Street is warming to an aerospace recovery.,2020-06-08T16:31:00Z
S&P 500 Rally Is Scary But Pattern Portends Positively - Morningstar Had The COVID-19 Call Right,Goldman Sachs closed above its 200-day moving average for the first time since mid-February '20 last week. Some think the Financials got a bump from the steeper,2020-06-08T15:40:37Z
,,
,,
,,
"SCHH: For The Hotel, Retail And Office Optimists","SCHH is the second largest REIT ETF which primarily tracks U.S. equity REITs. Historically, SCHH has had close to 1 correlation with VNQ, which is the most popu",2020-06-07T19:08:15Z
Wall Street Breakfast: The Week Ahead,"Welcome to Wall Street Brunch, our preview of stock market events for investors to watch during the upcoming week. You can also catch this article a day early b",2020-06-07T12:43:46Z
Wall Street Breakfast: The Week Ahead,"Welcome to Wall Street Brunch, our preview of stock market events for investors to watch during the upcoming week. You can also catch this article a day early b",2020-06-07T12:43:46Z
Sustainable investing is set to surge in the wake of the coronavirus pandemic,"Sustainable funds saw record inflows during the first quarter, and experts say that in the aftermath of Covid-19, this investing approach will become all the more important.",2020-06-07T11:32:28Z
Would You Credit It? Canadian High Yield And The Anomaly With Investment-Grade Credit,"Credit markets extended April's rally in May, with spreads narrowing further versus government bonds. This was driven by renewed risk appetite, and central bank",2020-06-07T08:15:53Z
Goldman's Clients Are Asking What Happens If Trump Loses And Dems Take The Senate,"Goldman's Clients Are Asking What Happens If Trump Loses And Dems Take The Senate

 Tyler Durden
 
Sat, 06/06/2020 - 15:35

 Over the past week, a significant change has taken place in the US political world and we are not talking about the unprecedented nati…",2020-06-06T19:35:00Z
REITs Surge Amid Reopening Rally,U.S. equity markets extended their reopening rally this week amid signs of an emerging V-shaped post-pandemic economic recovery juxtaposed with scenes of violen,2020-06-06T14:00:00Z
"Stocks To Watch: Buzz On Vroom, Lululemon, GameStop And Sports Betting Plays",Welcome to Seeking Alpha's Stocks to Watch - a preview of key events scheduled for the next week. Follow this account and turn the e-mail alert on to receive th,2020-06-06T12:36:42Z
Risk On (Technically Speaking For 6/1-6/5),"The financial indicators are positive, indicating the Fed has laid the groundwork for a recovery. The combination of leading and coincidental data is pointing t",2020-06-05T21:49:22Z
Ducommun: Overpenalized For Exposure To Commercial Aerospace,Ducommun is currently trading at a 28% discount relative to its estimated intrinsic value. The stock has been overpenalized for its exposure to commercial aeros,2020-06-05T21:20:22Z
Deep Dive: These stocks rose by double digits Friday as underperforming sectors bounced back,Airline and energy stocks had among the biggest gains from a week earlierAirline and energy stocks had among the biggest gains from a week earlier.,2020-06-05T21:06:04Z
The Implication Of Berkshire Hathaway's Record Insider Buying Activity For Future Stock Returns,"Director Meryl B Witmer bought $1.7 bln worth of Berkshire Hathaway shares last week, which is the highest insider purchase on record for the company. Berkshire",2020-06-05T13:00:00Z
The Top-Ranked Dividend Growth Stocks In The Consumer Staples Sector,"This article presents the top-ranked dividend growth stocks in the Consumer Staples sector. To rank stocks, I sort them by decreasing quality scores based on DV",2020-06-05T13:00:00Z
S&P 500: Nine Stocks Really Shine Every Summer (Do You Own Them Yet?) - Investor's Business Daily,"<ol><li>S&P 500: Nine Stocks Really Shine Every Summer (Do You Own Them Yet?)  Investor's Business Daily
</li><li>Stocks just had their biggest 50-day rally ever — here's what they did next after similar gains (SPY)  Business Insider
</li><li>Wall Street’s …",2020-06-05T12:03:53Z
The Channel For U.S. - China Stock Market Contagion,"It's an unfortunate time for world’s top two economies to risk a tit-for-tat escalation. Base case it remains contained. But Europe, north Asian exporters, and",2020-06-05T11:40:07Z
Coronavirus Roundtable - Still Some Dancing To Be Done,We ask trading-oriented authors on the Marketplace to share their view on the eventful 2020 market. There's something of a consensus that the market is overboug,2020-06-05T10:30:29Z
"At the open: TSX jumps almost 2% with jobs data, higher oil prices - The Globe and Mail","At the open: TSX jumps almost 2% with jobs data, higher oil prices  The Globe and Mail",2020-06-05T08:51:15Z
Play Sector ETFs With Strong Beat Ratios,These sectors came up with stellar earnings beat in the recent cycle. Investors can play the related ETFs.,2020-06-04T18:30:06Z
5 Sector ETFs Just Got Upgraded to Buy,Zacks recently issued quarterly rank updates for ETFs and these sector ETFs have been upgraded to Buy.,2020-06-04T17:00:05Z
"Market Extra: The next 10% up in the S&P 500 is all about the pandemic recovery — and it’s doable, this analyst says","It’s not out of the question that the stock index could rise 10%, one analyst argues, because there are both fundamental and technical reasons why the stocks that will make up the pandemic recovery play can lead the way.",2020-06-04T16:18:36Z
Wall Street closes sharply higher on signs of economic rebound,"The Dow Jones Industrial Average rose 527.24 points, or 2.05%, to 26,269.89, the S&P 500 gained 42.05 points, or 1.36%, to 3,122.87 and the Nasdaq Composite added 74.54 points, or 0.78%, to 9,682.91.",2020-06-04T01:35:07Z
Dow Notches Third-Straight Win as Bets on Faster Economic Recovery Continue - Investing.com,"<ol><li>Dow Notches Third-Straight Win as Bets on Faster Economic Recovery Continue  Investing.com
</li><li>Even Stock Optimists Grow Nervous About Rally  Yahoo Canada Finance
</li><li>S&P 500 opens above 3,100 points, DJIA gains nearly 1%  FXStreet
</li><…",2020-06-03T20:03:00Z
Wall Street surges on signs of economic rebound,"By Stephen Culp NEW YORK (Reuters) - Wall Street jumped in a broad rally on Wednesday, closing ground on all-time highs as signs of recovery from mandated economic shutdowns helped investors look beyond ongoing social unrest and pandemic woes. Financials, ind…",2020-06-03T19:37:37Z
"Dow Jones Surges 400 Points On Jobs Data, As Civil Unrest Continues; Apple Approaches All-Time Highs - Investor's Business Daily","<ol><li>Dow Jones Surges 400 Points On Jobs Data, As Civil Unrest Continues; Apple Approaches All-Time Highs  Investor's Business Daily
</li><li>Live Market Watch: Dow rises amid ongoing unrest in US | 6/3/2020  Fox Business
</li><li>Dow surges more than 45…",2020-06-03T16:08:24Z
CANADA STOCKS-TSX hits 3-month high on recovery hopes; BoC stands pat,"Canada's main stock index clinched a new
three-month high on Wednesday on optimism over reopening of
global economies, while the country's central bank held interest
rates unchanged as expected.",2020-06-03T14:46:40Z
"Dow Jones Today, Stocks Rally On Payrolls, Covid Data; CrowdStrike, MicroChip Soar: Nasdaq Nears Record High - Investor's Business Daily","<ol><li>Dow Jones Today, Stocks Rally On Payrolls, Covid Data; CrowdStrike, MicroChip Soar: Nasdaq Nears Record High  Investor's Business Daily
</li><li>Wall Street rally gains steam, Dow up 400 points as data boosts hope of economic recovery  CNBC
</li><li…",2020-06-03T14:05:48Z
"Signed, Sealed, Delivered: Packaging Proves Flexible Amid COVID-19",Interest in packaging M&A is likely to bounce back as some suppliers have seen increased demand due to the global coronavirus pandemic.,2020-06-03T14:00:00Z
Privet Fund and UPG Enterprises Release Comprehensive Presentation Detailing Their Strategic Plan for a Stronger Synalloy,"ATLANTA & CHICAGO--(BUSINESS WIRE)--Privet Fund Management LLC (together with its affiliates, ""Privet"") and UPG Enterprises LLC (together with its affiliates, “UPG” and collectively with Privet, the ""Stockholder Group"" or “we” or “us”), which collectively own…",2020-06-03T13:24:08Z
Posthaste: Here are three promising data points that show the Canadian economy is ready to rebound - Financial Post,"<ol><li>Posthaste: Here are three promising data points that show the Canadian economy is ready to rebound  Financial Post
</li><li>Signs of life in Toronto housing as sales surge 53% from April  BNNBloomberg.ca
</li><li>Toronto Area Home Sales and Listings…",2020-06-03T12:20:00Z
"Need to Know: There’s a danger in the disconnect between complacent markets and weak fundamentals, analyst warns","Mike Larson, senior analyst at Weiss Ratings, says he hasn’t seen markets this disconnected to reality in nearly a quarter-century.",2020-06-03T10:38:39Z
Closed-End Funds: Eaton Vance's Leveraged Equity Funds Overview,"Eaton Vance has three funds that they describe as equity/hybrid funds, they are largely invested in equity positions. Two of these funds focus on global assets,",2020-06-02T16:08:23Z
Closed-End Funds: Eaton Vance's Leveraged Equity Funds Overview,"Eaton Vance has three funds that they describe as equity/hybrid funds, they are largely invested in equity positions. Two of these funds focus on global assets,",2020-06-02T16:08:23Z
S&P 500 Dashboard For June,"A score in value, quality and momentum for every sector. Evolution since last month. The best and the worst sectors for these metrics.",2020-06-02T13:56:02Z
Shorts Looted As Global Markets Hit 3-Month High After Nationwide Riots Turn Deadly,"Shorts Looted As Global Markets Hit 3-Month High After Nationwide Riots Turn Deadly

 Tyler Durden
 
Tue, 06/02/2020 - 08:03

 The Fed's ""administered market"" just refuses to stop.


Global stocks and S&P futures rose to three-month highs as central banks lo…",2020-06-02T12:03:00Z
Edited Transcript of SO earnings conference call or presentation 30-Apr-20 5:00pm GMT,Q1 2020 Southern Co Earnings Call,2020-06-02T02:58:37Z
A Low Vol ETF’s Big Reshuffle,‘SPLV’ has turned its allocation on its head in a year of firsts.,2020-06-01T18:30:00Z
Major Indices Still In Green Despite The Nationwide Protests,"The major indices are all trading slightly in the green at midday, despite a bearish start to the week, with the nationwide protests at the...
The post Major Indices Still In Green Despite The Nationwide Protests appeared first on ValueWalk.",2020-06-01T17:06:03Z
The 2020 Dividend Kings List + My Top 5 Kings,Dividend Kings are companies that have had 50 consecutive years with a dividend increase. Do not confuse this with 50 years of consecutive payments. You will no,2020-06-01T11:44:12Z
Monolithic Power Systems: A Long-Term Winner Bound To Benefit From 5G,"MPWR is a beneficiary of the 5G rollout in China. The company is overvalued based on a FCFF Model. The company will continue to reap rewards from 5G, IoT, and a",2020-05-31T17:06:49Z
Portfolio Managers Discuss Contrarian Views And Emerging Opportunities,Making headlines this week: The European Union has proposed a massive recovery plan that would include 750 billion euros of commonly issued debt to fund grants,2020-05-31T14:27:53Z
Buffett Is Shortsighted On Airlines: LUV Is A Steal At This Price,"LUV is not only undervalued relative to the S&P 500, but its underlying business is also strong and poised to rebound after the dip. LUV has a very strong balan",2020-05-30T14:00:00Z
Informative Insider Purchasing Activity - Weekly Update (05/22/20-05/29/20),The S&P 500 keeps going up which makes it harder to find undervalued stocks which will survive the crisis easily. Following insider purchases can help with find,2020-05-30T13:00:00Z
2 High-Yield Industrial Stocks I'd Buy Right Now,"As the world comes back from the COVID-19 shutdown, these two high-yield industrials look pretty attractive for long-term investors.",2020-05-30T11:32:00Z
S&P 500 Weekly Update: The 'Bull' Is Alive As Equities Break Out Of The Trading Range,"Financial and Industrials lead the way this week as the rally broadens. Economic data appears to have bottomed, the slow rebound has started. The Long Term Tech",2020-05-30T11:00:00Z
Citigroup Inc. (C) CEO Mike Corbat Presents at Bernstein's 36th Annual Strategic Decisions Conference (Transcript),"Citigroup Inc. (NYSE:C.PK) Bernstein's 36th Annual Strategic Decisions Conference May 29, 2020 10:00 AM ET Company Participants Mike Corbat - Chief Executive Of",2020-05-29T20:40:06Z
Citigroup Inc. (C) CEO Mike Corbat Presents at Bernstein's 36th Annual Strategic Decisions Conference (Transcript),"Citigroup Inc. (NYSE:C.PK) Bernstein's 36th Annual Strategic Decisions Conference May 29, 2020 10:00 AM ET Company Participants Mike Corbat - Chief Executive Of",2020-05-29T20:40:06Z
14 Best Tech Stocks That Aren't on Your Radar,"Tech stocks have spent the past few years really separating themselves from the market pack. As technology has become more ingrained into every aspect of life - work, play and everything in between - the companies developing and providing those technologies h…",2020-05-29T20:32:21Z
"No Dividend Cuts, And Eight Dividend Increases In The COVID-19 Crisis",The pandemic is leaving a trail of dividend destruction. Strong dividend growth records are laid to rest. Not even the dividend aristocrats are safe. Dividend h,2020-05-29T19:59:17Z
"No Dividend Cuts, And Nine Dividend Increases In The COVID-19 Crisis",The pandemic is leaving a trail of dividend destruction. Strong dividend growth records are laid to rest. Not even the dividend aristocrats are safe. Dividend h,2020-05-29T19:59:17Z
"No Dividend Cuts, And 8 Dividend Increases In The COVID-19 Crisis",The pandemic is leaving a trail of dividend destruction. Strong dividend growth records are laid to rest. Not even the dividend aristocrats are safe. Dividend h,2020-05-29T19:59:17Z
Vicor Is A Coronavirus Resilient Growth Pick For 2020,Vicor stands to benefit from increasing adoption of digital services across all sectors of economy. The company is not anticipating any short-term slump in topl,2020-05-29T17:28:15Z
10 Penny Stocks to Buy Under $5 That Might Be Worth the Risk,"Back in September 2017, I picked seven beaten-down stocks to buy. I did so after reading a blog post from Ben Carlson, one of the best financial bloggers in the country. The problem with selecting beaten-down or penny stocks to buy is that they often come wit…",2020-05-29T13:43:38Z
Futures Drop As Markets Brace For Trump's China Response,"Futures Drop As Markets Brace For Trump's China Response

 Tyler Durden
 
Fri, 05/29/2020 - 08:06

 Emini futures dropped on Friday as investors braced for President Donald Trump’s response to China’s national security legislation for Hong Kong, threatening t…",2020-05-29T12:06:00Z
Have No Fear Of Missing Out,The S&P 500 appears to be breaking out to the upside. New all-time highs ahead? The fundamental reality not only challenged but is also in sharp contrast to rec,2020-05-29T10:53:15Z
European stocks fall on rising U.S.-China tensions,"European stocks fell Friday, with investors ahead of a press conference by President Donald Trump over China, amid rising tensions between the countries, first over the coronavirus and now over Beijing’s fresh crackdown on Hong Kong.",2020-05-29T08:10:35Z
Why these ex-DeepMind engineers picked Seattle to launch new AI startup Phaidra,"Avocado toast meets red meat and potatoes. That’s not the most familiar way to describe Seattle, but it’s why Phaidra decided to launch its company in the Emerald City. The stealthy startup just raised $1.5 million to help provide artificial intelligence tech…",2020-05-28T14:00:34Z
"Futures Tread Water In Calm Before US-China Storm, Trump Twitter Crackdown","Futures Tread Water In Calm Before US-China Storm, Trump Twitter Crackdown

 Tyler Durden
 
Thu, 05/28/2020 - 08:11

 The S&P's remarkable stretch of posting gains in the overnight session continued for another day, with the S&P rising as high as 3,053, and l…",2020-05-28T12:11:04Z
Why ESG Is Outperforming The S&P 500,"Over the past year, the S&P 500 ESG Index exhibited returns nearly 3% above the benchmark S&P 500. The inability of exploration and production companies to curt",2020-05-28T11:35:52Z
Survey Tracks Health of Energy Transition Amid COVID-19,"Despite the upheaval from COVID-19, energy and industrial leaders will likely continue to commit their companies to decarbonization programs, according to Deloitte.",2020-05-28T11:24:32Z
"Stock-index futures edge higher after Dow retakes 25,000","Stock-index futures trade mostly higher Thursday, a day after the Dow Jones Industrial Average closed above 25,000 and the S&P 500 retook the 3,000 level in a rally fueled by optimism over the reopening of the economy in the wake of the COVID-19 lockdowns.",2020-05-28T11:07:36Z
"TOPIC PAGE: Coronavirus, oil price crash - impact on chemicals - ICIS","TOPIC PAGE: Coronavirus, oil price crash - impact on chemicals  ICIS",2020-05-28T09:59:05Z
Why ESG is Outperforming the S&P 500,"Over the past year, the S&P 500 ESG Index exhibited returns nearly 3% above the benchmark S&P 500. This is...
The post Why ESG is Outperforming the S&P 500 appeared first on OpenMarkets.",2020-05-28T06:11:44Z
Fidelity High Dividend ETF's High Exposure To Cyclical Sectors Will Drag Its Performance In The Current Recessionary Environment,"FDVV focuses on large-cap, high-yield dividend stocks. The fund has a high exposure to cyclical sectors and these sectors may underperform in a post-COVID-19 wo",2020-05-28T00:03:10Z
"The Rally Continues, Now Thanks To Small-Caps (Technically Speaking For 5/27)","The EU and Japan have announced major stimulus programs. While existing home sales have dropped sharply, new home sales are surprisingly resilient. The markets",2020-05-27T22:29:16Z
Most actively traded companies on the TSX - Yahoo Canada Finance,"<ol><li>Most actively traded companies on the TSX  Yahoo Canada Finance
</li><li>Here's How I'd Spend $10000 on the TSX Today  The Motley Fool Canada
</li><li>North American equity markets rally into the close  BNNBloomberg.ca
</li><li>S&P/TSX composite hi…",2020-05-27T21:13:00Z
SPDR Portfolio S&P 500 Growth ETF's Exposure To Technology Stocks Is Advantageous,SPYG invests in large-cap growth stocks in the S&P 500 Index. The fund’s relatively lower exposure to cyclical sectors is advantageous as the impact of COVID-19,2020-05-27T21:12:13Z
Dow Up More Than 500 Points on Economic Confidence,"Shares of retailers like Macy's, Kohl's, and the Gap rose sharply as investors cheered evidence that the economy is recovering. | Economy",2020-05-27T20:34:51Z
"Stocks rise as investors seize on virus treatments, economy's reopening",Stocks were mixed Wednesday as the economy continued its slow return to life amid hopes for more federal stimulus and a scientific advances against the coronavirus.,2020-05-27T20:17:00Z
Report: Energy and Industrial Companies Expected to Remain Committed to Energy Transition Despite Covid-19,"Despite current economic challenges, energy and industrial leaders are expected to remain committed to their long-term plans to reduce fossil fuel reliance. 
The post Report: Energy and Industrial Companies Expected to Remain Committed to Energy Transition De…",2020-05-27T20:00:07Z
Is Chipotle Stock Now Grossly Overvalued for a Recession?,"In the case of stocks that have rallied too far, Chipotle Mexican Grill is one candidate. Its stock price perhaps has gone much farther than the fundamentals might normally support.",2020-05-27T16:53:28Z
Funding in the Time of Coronavirus with Mark Suster (Video + Transcript),"It all begins with an idea. Maybe you want to launch a business. Maybe you want to turn a hobby into something more. Or maybe you have a creative project... Continue Reading
The post Funding in the Time of Coronavirus with Mark Suster (Video + Transcript) app…",2020-05-27T16:00:24Z
Deloitte Study: Navigating the Energy Transition from Disruption to Growth,"NEW YORK, May 27, 2020 /PRNewswire/ -- Key takeaways: Despite current economic challenges, energy and industrial leaders are expected to remain committed to their long-term plans to reduce fossil fuel reliance. Eighty-nine percent of executives surveyed acros…",2020-05-27T12:03:00Z
"The Smart Cube opens up Amplifi PRO, providing free market intelligence to support the global procurement community in moving past COVID-19","LONDON, May 27, 2020 /PRNewswire/ -- The Smart Cube, a global provider of strategic research and analytics solutions, has opened up Amplifi PRO, its on-demand digital procurement intelligence platform, to the worldwide procurement community on a freemium basi…",2020-05-27T11:30:00Z
The Shape Of Economic Progress In The Time Of Pandemic,"The economic downturn brought about by COVID-19 is unlike any recession in recent memory, and the nature of the nation’s recovery is anticipated to follow suit.",2020-05-27T11:00:00Z
"SP 500 rises on economic recovery and vaccine hopes, pulls back from highs","The Dow Jones Industrial Average rose 529.95 points, or 2.17%, to 24,995.11, the S&P 500 gained 36.32 points, or 1.23%, to 2,991.77, and the Nasdaq Composite added 15.63 points, or 0.17%, to 9,340.22.",2020-05-27T01:59:04Z
"S&P 500 clears 3,000 barrier on hopes of recovery, Covid-19 vaccine",The benchmark index traded above the key psychological level for the first time since March 5,2020-05-26T19:52:00Z
Airline stocks soar as Covid-19 worries ease,Markets bounce back as hopes rise for economic recovery,2020-05-26T17:36:45Z
"S&P 500 tops 3,000 on hopes of economic recovery, COVID-19 vaccine","U.S. stocks jumped and the S&P 500 breached 3,000 points on Tuesday as optimism about a potential coronavirus vaccine and a revival in business activity helped investors overlook simmering Sino-U.S. tensions.",2020-05-26T16:24:49Z
"S&P 500 tops 3,000 on hopes of economic recovery, COVID-19 vaccine","U.S. stocks jumped and the S&P 500 breached 3,000 points on Tuesday as optimism about a potential coronavirus vaccine and a revival in business activity helped investors overlook simmering Sino-U.S. tensions.",2020-05-26T16:19:01Z
"S&P 500 tops 3,000 points on hopes of economic recovery, COVID-19 vaccine","U.S. stocks jumped and the S&P 500 breached 3,000 points on Tuesday as optimism about a potential coronavirus vaccine and a revival in business activity helped investors overlook simmering Sino-U.S. tensions.",2020-05-26T15:41:26Z
"SP 500 tops 3,000 points on hopes of economic recovery, COVID-19 vaccine","All 11 S&P sector indexes gained in early trading, with cyclical financials, industrials and energy stocks jumping more than 3 percent.",2020-05-26T15:17:04Z
"S&P 500 tops 3,000 pts on hopes of economic recovery, COVID-19 vaccine","U.S. stocks jumped and the S&P 500 breached 3,000 points on Tuesday as optimism about a potential coronavirus vaccine and a revival in business activity helped investors overlook simmering Sino-U.S. tensions.",2020-05-26T14:55:39Z
BDJ: Overweight Financial Exposure Makes This Fund Lag For Now,"BDJ is right around its 5-year average discount, after pulling back significantly YTD along with the rest of the market. The greater volatility should help its",2020-05-26T14:33:59Z
Buffett Is Shortsighted On Airlines: Southwest Is A Steal At This Price,"Warren Buffett famously advised “be greedy when others are fearful”, and we think he should follow his own advice – assuming he is still a long-term investor.",2020-05-26T13:32:32Z
"Futures Soar Above 3,000, Dollar Tumbles On Vaccine Hopes, Reopening Optimism","Futures Soar Above 3,000, Dollar Tumbles On Vaccine Hopes, Reopening Optimism

 Tyler Durden
 
Tue, 05/26/2020 - 08:04

 S&P futures continued their Memorial Day surge, rising 2% and breached the key 3,000 level on Tuesday morning as global easing of lockdown…",2020-05-26T12:04:44Z
KAR Global Announces $550 Million Strategic Investment Led by Funds Advised by Apax Partners,"KAR Auction Services, Inc. d/b/a KAR Global (NYSE: KAR), a global vehicle remarketing and technology solutions provider, today announced the placement of $550 million in newly issued perpetual convertible preferred stock of KAR Global (""KAR""). The preferred s…",2020-05-26T10:55:00Z
KAR Global Announces $550 Million Strategic Investment Led by Funds Advised by Apax Partners,"CARMEL, Ind. , May 26, 2020 /PRNewswire/ -- KAR Auction Services, Inc. d/b/a KAR Global (NYSE: KAR), a global vehicle remarketing and technology solutions provider, today announced the placement of $550 million in newly issued perpetual convertible preferred …",2020-05-26T10:55:00Z
Beyond COVID-19: Rapid steps that can help machinery and industrial automation companies recover,"With COVID-19 disrupting the equipment and services markets, machinery and industrial automation companies need a rapid recovery strategy.",2020-05-26T00:00:00Z
Beyond COVID-19: Rapid steps that can help machinery and industrial automation companies recover,"With COVID-19 disrupting the equipment and services markets, machinery and industrial automation companies need a rapid recovery strategy.",2020-05-26T00:00:00Z
Edited Transcript of GAM.MC earnings conference call or presentation 6-May-20 7:00am GMT,Q2 2020 Siemens Gamesa Renewable Energy SA Earnings Call,2020-05-25T20:13:45Z
"S&P Futures Jump, Global Markets Rise In Holiday-Muted Session","S&P Futures Jump, Global Markets Rise In Holiday-Muted Session

 Tyler Durden
 
Mon, 05/25/2020 - 08:16

 US equity futures jumped in thin holiday volume, rising alongside European and Asian markets, and are now less than 20 points away from 3,000 having put …",2020-05-25T12:16:48Z
Jefferies breaks down the top 22 stocks it thinks you should buy right now — including 6 fast-risers that just captured its attention,"<ul>
<li>Jefferies names its 22 top US stock picks, according to the conviction and buy ratings assigned by their analysts. The firm out the investment thesis for each one.</li>
<li>Their choices are about evenly split between companies that are already outpe…",2020-05-25T12:05:00Z
Wall Street Breakfast: The Week Ahead,,2020-05-24T11:16:52Z
Dow Average Showing Its Age Getting Crushed in Recovery Trade,(Bloomberg) -- This week marks a milestone for the Dow Jones Industrial Average: its 124th birthday. Not that anyone watching markets needs a reminder it’s getting old.Wrinkles show in the gaping divide between the venerable gauge and its younger brethren. Li…,2020-05-24T11:00:00Z
Motley Fool: An essential business - The Spokesman-Review,"With its track record of consistent annual revenue increases and its status as a provider of essentials during the COVID-19 shutdown and beyond, Walgreens looks like a prudent investment choice.",2020-05-24T07:09:49Z
Edited Transcript of BYW6.DE earnings conference call or presentation 7-May-20 6:30am GMT,Q1 2020 BayWa AG Earnings Call,2020-05-24T02:44:53Z
Signs Of V-Shaped Housing Recovery,"U.S. equity markets surged this week, buoyed by positive vaccine data and on renewed hopes of a V-shaped economic recovery as countries around the world begin the reopening process.The S&P 500 ended the week higher by 3.1%, closing nearly 35% above its lows i…",2020-05-23T14:00:00Z
Signs Of V-Shaped Housing Recovery,"U.S. equity markets surged this week, buoyed by positive vaccine data and on renewed hopes of a V-shaped economic recovery as countries around the world begin the reopening process.The S&P 500 ended the week higher by 3.1%, closing nearly 35% above its lows i…",2020-05-23T14:00:00Z
Coronavirus Beaten Down Stocks/Funds Series - iShares MSCI Germany ETF,"The iShares MSCI Germany ETF has recently bounced up slightly but is still back at the 2012 level. The fund is down 36% from a 2017 peak and 23% YTD.Germany is the powerhouse of Europe, the world's 4th largest economy, and the world's 3rd larger exporter and …",2020-05-23T12:02:53Z
WisdomTree U.S. MidCap Dividend ETF Has A High Exposure To Cyclical Sectors,"DON invests in mid-cap dividend stocks in the United States.The fund has a high exposure to cyclical sectors, and this may cause it to continue to underperform in the current recessionary environment.DON has an inferior growth profile than its large-cap peer …",2020-05-23T00:41:14Z
Rexnord Has Attractive Long-Term Drivers And Credibility On Margin Improvement,"Rexnord's businesses are going to see a significant hit from the COVID-19 shutdowns/recession, but long-term opportunities in areas like automation are attractive.The water business will help mitigate some of the near-term industrial declines, and Rexnord isn…",2020-05-22T21:47:46Z
Cybersecurity ETFs Benefit from Work-at-Home Environment - ETF Trends,"Cybersecurity sector-related exchange traded funds have benefited from the shift to working at home as more organizations see the benefit of increasing investments in cybersecurity solutions. On Friday, the ETFMG Prime Cyber Security ETF (NYSEArca: HACK), the…",2020-05-22T20:49:00Z
8 Reasons D.R. Horton Is A Pre-Retirement Stock,D.R. Horton is fair value with a PE of 10 and long-term growth trends in the 12-17% range per annum.DHI suits investors entering the countdown to retirement who are looking for safe diversification from FAANG and volatile technology stocks.Quantitative easing…,2020-05-22T15:15:01Z
"“No. It’s Capitalism, Stupid.”","The title is a riff on James Carville’s disingenuous (and stupid) phrase from 1992 when he was Bill Clinton’s campaign director. Carville’s pithy quip, “It’s the economy, stupid,” became the campaign’s de facto slogan. It functioned as a clever ruse to help C…",2020-05-22T08:43:26Z
"This Is Why Not To Count On A Strong, Earnings-Driven, Broad-Market Rebound","The outlook for economic rebound and earnings growth in 2021 is robust, but there are some things you need to know about the data.Despite growing uncertainty of the COVID-19 impact, some sectors are still looking at steady, stable revenue and earnings growth.…",2020-05-22T05:43:39Z
Most actively traded companies on the TSX,TORONTO - Some of the most active companies traded Thursday on the Toronto Stock Exchange:,2020-05-21T21:13:21Z
13 Dividend Stocks That Have Paid Investors for 100+ Years,"When it comes to investing in dividend stocks, it's patience that results in the real payday for shareholders.The most obvious measure of a company's income potential, its dividend yield, is calculated on an annualized basis using 12 months of distributions. …",2020-05-21T20:03:52Z
How Is ESG Performing In The Covid-19 Crisis?,"To take a closer, but critical look, let’s consider a report put out by S&P that finds that Nuveen Winslow Large Cap Growth ESG Fund (NVLIX), fell only 7.4% relative to the 13.7% fall in the S&P 500 index from December 31, 2019 to April 9, 2020.",2020-05-21T14:04:05Z
5 Charts That Show What Stocks Have Worked In 2020,"The S&P 500 has been climbing closer to all-time highs, but not all groups of stocks have been doing as well lately.I have grouped stocks into different categories to understand what strategies have been working best in 2020, and why.Large US tech names conti…",2020-05-21T04:09:55Z
Grupo Aval Acciones y Valores Grupo (AVAL) Q1 2020 Earnings Call Transcript,"AVAL earnings call for the period ending March 31, 2020.",2020-05-21T00:00:19Z
String of Earnings Beat Pushes Cybersecurity ETFs Higher - Zacks.com,"You are being directed to ZacksTrade, a division of LBMZ Securities and licensed broker-dealer. ZacksTrade and Zacks.com are separate companies. The web link between the two companies is not a solicitation or offer to invest in a particular security or type o…",2020-05-20T18:56:00Z
Facebook Stock Surges On “Shops” Announcement,"The major indices are all trading significantly higher at midday as stocks recovered from yesterday’s late-day dip overnight. Even though the global COVID-19 situation is...
The post Facebook Stock Surges On “Shops” Announcement appeared first on ValueWalk.",2020-05-20T16:53:02Z
Why this ASX 200 stock could surge higher tomorrow,"The Aristocrat Leisure Limited (ASX: ALL) share price is rallying ahead of its first half profit results tomorrow. Here's what you need to know...
The post Why this ASX 200 stock could surge higher tomorrow appeared first on Motley Fool Australia.",2020-05-20T04:57:53Z
Best & Worst Sector ETFs Of The Year,Sector returns range from as much as -34% to +5% for the year.,2020-05-20T04:00:00Z
InfraCap MLP ETF (NYSE Arca: AMZA) Declares Monthly Distribution,"The InfraCap MLP ETF (NYSE Arca: AMZA) (the ""Fund"") has declared a monthly distribution of $0.23 ($2.76 per share on an annualized basis). The distribution will be paid May 29, 2020 to shareholders of record as of the close of business May 21, 2020. The reduc…",2020-05-19T20:30:00Z
InfraCap MLP ETF (NYSE Arca: AMZA) Declares Monthly Distribution,"NEW YORK, May 19, 2020 /PRNewswire/ -- The InfraCap MLP ETF (NYSE Arca: AMZA) (the ""Fund"") has declared a monthly distribution of $0.23 ($2.76 per share on an annualized basis). The distribution will be paid May 29, 2020 to shareholders of record as of the cl…",2020-05-19T20:30:00Z
"Dow Jones Erases 200-Point Loss Amid Earnings, Powell Testimony, As Coronavirus Stock Market Rally Continues - Investor's Business Daily","<ol><li>Dow Jones Erases 200-Point Loss Amid Earnings, Powell Testimony, As Coronavirus Stock Market Rally Continues  Investor's Business Daily
</li><li>Stocks making the biggest moves in the premarket: Walmart, Home Depot, Kohl's, Moderna & more  CNBC
</li…",2020-05-19T15:46:49Z
"CANADA STOCKS-TSX lifted by energy stocks, COVID-19 vaccine hopes","Canada's main stock index hit a one-week
high on Tuesday after an extended weekend, as rising oil prices
lifted the energy sector, while positive results from an early
stage trial of a COVID-19 vaccine added to optimism.",2020-05-19T14:38:12Z
3 Top Industrial Stocks to Buy Right Now,Some top industrial companies look attractive now given their potential after a COVID-19 recovery. Check out why.,2020-05-19T14:13:00Z
Ansys: Full Valuation After 50% Gain To 41x P/E,"We are downgrading Ansys from Buy to Neutral on valuation grounds, after an approx. 50% gain since our initial Buy rating last February.
        Ansys shares have re-rated upwards significantly since our initiation, and now trade on a P/E of 40.7x and a Free …",2020-05-19T12:40:09Z
"S&P Futures Fail A Breakout Above 3,000 As Triple-Top Forms","S&P Futures Fail A Breakout Above 3,000 As Triple-Top Forms

 Tyler Durden
 
Tue, 05/19/2020 - 08:19

 US equity futures tried, and failed, to stage a major breakout into 3,000 overnight, with the E-mini rising as high as 2,976 ahead of the European open (on …",2020-05-19T12:19:01Z
2 Pieces Of News Could Spark A Second Upswing  (Technically Speaking For 5/18),"Fed Chair Powell once again warns that the recovery could be slow and that additional fiscal stimulus is necessary.Japan's economy is ""officially"" in a recession.Thanks to the news of a successful phase one vaccine test, the market moved higher.",2020-05-18T21:33:54Z
Two Pieces Of News Could Spark A Second Up-Swing  (Technically Speaking For 5/18),"Fed Chair Powell once again warns that the recovery could be slow and that additional fiscal stimulus is necessary.
        Japans' economy is in ""officially"" in a recession.
        Thanks to a news of a successful phase one vaccine test, the market moved hi…",2020-05-18T21:33:54Z
Here are Monday’s best stock-market performers as airlines and cruise lines shine,Only one Dow Jones Industrial Average component declined.,2020-05-18T21:01:50Z
"Airline stocks soar on upbeat TSA data, analyst commentary","Shares of airlines soared Monday, as upbeat TSA data and analyst commentary added to the optimism that a post-COVID-19 pandemic recovery may have already begun.",2020-05-18T17:16:34Z
Thor Industries: Where Are We After Corona?,"Following the coronavirus crisis, Thor experienced quite a dip only to quickly recover and now trade back around the levels when I last wrote my article.If you followed my strategy - you did like me and bought Thor Industries cheap. I didn't buy much (there w…",2020-05-18T14:04:30Z
,,
Dividend Cuts - Analyzing Recent Stock Performance,"Dividends cuts and suspensions are occurring at an unprecedented pace.
        Instinct is to sell when there is a cut due to the perceived notion that the company will underperform.
        Are dividend cuts and suspensions a bad thing? The data tells a mixe…",2020-05-17T20:46:14Z
We Have A Raging Bull Market And Suffocating Bear Market Simultaneously; See The Difference,One part of the U.S. stock market has been setting new highs and dragging other areas higher with it. Then we have groups reaching the depths of despair with little or no end in sight to their selling and misery. I've honestly never seen anything quite like i…,2020-05-17T14:31:09Z
Executive and Director Compensation Reductions in the COVID-19 Era: An Ongoing Review of Russell 3000 Disclosures,"As many businesses discharge, furlough, or drastically reduce pay to large shares of their workforces, some compensation committees are announcing their decision to cut base salaries and annual bonuses for C-suite executives as well as board cash retainers. T…",2020-05-17T13:52:51Z
"Earnings Watch: Alibaba, Walmart and Target are about to show retailers’ view of the pandemic","U.S. retail companies will be eagerly watching Alibaba Group Holding Ltd.’s Friday morning report, when the Chinese e-commerce giant will show what it was like to operate in the heart of the COVID-19 outbreak and emerge on the other side.",2020-05-17T13:00:08Z
Wall Street Breakfast: The Week Ahead,,2020-05-17T11:33:46Z
"Stocks To Watch: Retail Heavyweights, Nvidia, Bristol-Myers And 5G Plays",,2020-05-16T13:07:38Z
Going Nowhere Fast: Best Stocks To Buy,"The S&P 500 has made little progress this past month.Specific sectors, industries, and stocks are generating significant alpha.The top ponds to fish in and best stocks to buy now.",2020-05-16T07:42:40Z
S&P 500 Weekly Update: The Market Gets A Reality Check,"The message hasn't changed much. Stay flexible and BALANCED, the market environment remains very difficult with no clear direction.Companies that can thrive in a COVID economy will continue to do well.It’s very simple; We either open the economy NOW and learn…",2020-05-16T04:36:28Z
